set,id,domain,roles,nodes,run,tier,latency_s,schema_valid,exact_match,rollback_acc,hallucination,reason,reply
complex,C01,ebike,10,11,1,quick,2.18,1,1,1.000,0,"","```json
{
  ""contract_name"": ""Electric_Bicycles_Batch"",
  ""version"": ""Solidity ^0.4.22"",
  ""roles"": [""Leader"", ""Photographer"", ""Writer"", ""Tester"", ""Translator"", ""Printer"", ""Inspector"", ""Packer"", ""Carrier"", ""Storekeeper""],
  ""node_matrix"": [
    [1, ""Leader"", 1],
    [2, ""Photographer"", 2],
    [3, ""Writer"", 3],
    [4, ""Tester"", 3],
    [5, ""Translator"", 5],
    [6, ""Printer"", 6],
    [7, ""Inspector"", 5],
    [8, ""Packer"", 8],
    [9, ""Carrier"", 9],
    [10, ""Storekeeper"", 10],
    [11, ""Leader"", 11]
  ]
}
```"
complex,C01,ebike,10,11,2,quick,1.94,1,1,1.000,0,"","```json
{
  ""contract_name"": ""Electric_Bicycles_Batch"",
  ""version"": ""Solidity ^0.4.22"",
  ""roles"": [""Leader"", ""Photographer"", ""Writer"", ""Tester"", ""Translator"", ""Printer"", ""Inspector"", ""Packer"", ""Carrier"", ""Storekeeper""],
  ""node_matrix"": [
    [1, ""Leader"", 1],
    [2, ""Photographer"", 2],
    [3, ""Writer"", 3],
    [4, ""Tester"", 3],
    [5, ""Translator"", 5],
    [6, ""Printer"", 6],
    [7, ""Inspector"", 5],
    [8, ""Packer"", 8],
    [9, ""Carrier"", 9],
    [10, ""Storekeeper"", 10],
    [11, ""Leader"", 11]
  ]
}
```"
complex,C01,ebike,10,11,3,quick,2.04,1,1,1.000,0,"","```json
{
  ""contract_name"": ""Electric_Bicycles_Contract"",
  ""version"": ""Solidity ^0.4.22"",
  ""roles"": [""Leader"", ""Photographer"", ""Writer"", ""Tester"", ""Translator"", ""Printer"", ""Inspector"", ""Packer"", ""Carrier"", ""Storekeeper""],
  ""node_matrix"": [
    [1, ""Leader"", 1],
    [2, ""Photographer"", 2],
    [3, ""Writer"", 3],
    [4, ""Tester"", 3],
    [5, ""Translator"", 5],
    [6, ""Printer"", 6],
    [7, ""Inspector"", 5],
    [8, ""Packer"", 8],
    [9, ""Carrier"", 9],
    [10, ""Storekeeper"", 10],
    [11, ""Leader"", 11]
  ]
}
```"
complex,C02,house,11,13,1,quick,2.19,1,1,1.000,0,"","```json
{
  ""contract_name"": ""Prefabricated_Timber_House"",
  ""version"": ""Solidity ^0.4.22"",
  ""roles"": [""Leader"", ""Insulator"", ""Glazier"", ""Roofer"", ""Plumber"", ""Inspector"", ""Electrician"", ""Tester"", ""Plasterer"", ""Painter"", ""Wrapper""],
  ""node_matrix"": [
    [1, ""Leader"", 1],
    [2, ""Insulator"", 2],
    [3, ""Glazier"", 3],
    [4, ""Roofer"", 4],
    [5, ""Plumber"", 5],
    [6, ""Inspector"", 5],
    [7, ""Electrician"", 7],
    [8, ""Tester"", 7],
    [9, ""Plasterer"", 9],
    [10, ""Painter"", 10],
    [11, ""Inspector"", 10],
    [12, ""Wrapper"", 12],
    [13, ""Leader"", 13]
  ]
}
```"
complex,C02,house,11,13,2,quick,2.22,1,1,1.000,0,"","```json
{
  ""contract_name"": ""Prefabricated_Timber_House"",
  ""version"": ""Solidity ^0.4.22"",
  ""roles"": [""Leader"", ""Insulator"", ""Glazier"", ""Roofer"", ""Plumber"", ""Inspector"", ""Electrician"", ""Tester"", ""Plasterer"", ""Painter"", ""Wrapper""],
  ""node_matrix"": [
    [1, ""Leader"", 1],
    [2, ""Insulator"", 2],
    [3, ""Glazier"", 3],
    [4, ""Roofer"", 4],
    [5, ""Plumber"", 5],
    [6, ""Inspector"", 5],
    [7, ""Electrician"", 7],
    [8, ""Tester"", 7],
    [9, ""Plasterer"", 9],
    [10, ""Painter"", 10],
    [11, ""Inspector"", 10],
    [12, ""Wrapper"", 12],
    [13, ""Leader"", 13]
  ]
}
```"
complex,C02,house,11,13,3,quick,2.17,1,1,1.000,0,"","```json
{
  ""contract_name"": ""Prefabricated_Timber_House"",
  ""version"": ""Solidity ^0.4.22"",
  ""roles"": [""Leader"", ""Insulator"", ""Glazier"", ""Roofer"", ""Plumber"", ""Inspector"", ""Electrician"", ""Tester"", ""Plasterer"", ""Painter"", ""Wrapper""],
  ""node_matrix"": [
    [1, ""Leader"", 1],
    [2, ""Insulator"", 2],
    [3, ""Glazier"", 3],
    [4, ""Roofer"", 4],
    [5, ""Plumber"", 5],
    [6, ""Inspector"", 5],
    [7, ""Electrician"", 7],
    [8, ""Tester"", 7],
    [9, ""Plasterer"", 9],
    [10, ""Painter"", 10],
    [11, ""Inspector"", 10],
    [12, ""Wrapper"", 12],
    [13, ""Leader"", 13]
  ]
}
```"
complex,C03,chocolate,11,13,1,quick,2.46,1,1,1.000,0,"","```json
{
  ""contract_name"": ""Single_Origin_Chocolate_Factory"",
  ""version"": ""Solidity ^0.4.22"",
  ""roles"": [""Leader"", ""Fermenter"", ""Dryer"", ""Exporter"", ""Inspector"", ""Sorter"", ""Roaster"", ""Tester"", ""Winnower"", ""Grinder"", ""Refiner""],
  ""node_matrix"": [
    [1, ""Leader"", 1],
    [2, ""Fermenter"", 2],
    [3, ""Dryer"", 3],
    [4, ""Exporter"", 4],
    [5, ""Inspector"", 4],
    [6, ""Sorter"", 6],
    [7, ""Roaster"", 7],
    [8, ""Tester"", 6],
    [9, ""Winnower"", 9],
    [10, ""Grinder"", 10],
    [11, ""Refiner"", 10],
    [12, ""Refiner"", 12],
    [13, ""Leader"", 13]
  ]
}
```"
complex,C03,chocolate,11,13,2,quick,2.25,1,0,0.000,0,"wrong number of nodes (12 vs 13)","```json
{
  ""contract_name"": ""Single_Origin_Chocolate_Factory"",
  ""version"": ""Solidity ^0.4.22"",
  ""roles"": [""Leader"", ""Fermenter"", ""Dryer"", ""Exporter"", ""Inspector"", ""Sorter"", ""Roaster"", ""Tester"", ""Winnower"", ""Grinder"", ""Refiner""],
  ""node_matrix"": [
    [1, ""Fermenter"", 1],
    [2, ""Dryer"", 2],
    [3, ""Exporter"", 3],
    [4, ""Inspector"", 3],
    [5, ""Sorter"", 5],
    [6, ""Roaster"", 6],
    [7, ""Tester"", 5],
    [8, ""Winnower"", 8],
    [9, ""Grinder"", 9],
    [10, ""Refiner"", 9],
    [11, ""Refiner"", 11],
    [12, ""Leader"", 12]
  ]
}
```"
complex,C03,chocolate,11,13,3,quick,2.16,1,1,1.000,0,"","```json
{
  ""contract_name"": ""Single_Origin_Chocolate_Factory"",
  ""version"": ""Solidity ^0.4.22"",
  ""roles"": [""Leader"", ""Fermenter"", ""Dryer"", ""Exporter"", ""Inspector"", ""Sorter"", ""Roaster"", ""Tester"", ""Winnower"", ""Grinder"", ""Refiner""],
  ""node_matrix"": [
    [1, ""Leader"", 1],
    [2, ""Fermenter"", 2],
    [3, ""Dryer"", 3],
    [4, ""Exporter"", 4],
    [5, ""Inspector"", 4],
    [6, ""Sorter"", 6],
    [7, ""Roaster"", 7],
    [8, ""Tester"", 6],
    [9, ""Winnower"", 9],
    [10, ""Grinder"", 10],
    [11, ""Refiner"", 10],
    [12, ""Refiner"", 12],
    [13, ""Leader"", 13]
  ]
}
```"
complex,C04,phone,12,16,1,quick,2.34,1,0,0.000,0,"wrong number of nodes (15 vs 16)","```json
{
  ""contract_name"": ""Smartphone_Manufacturing"",
  ""version"": ""Solidity ^0.4.22"",
  ""roles"": [""Leader"", ""Designer"", ""Engineer"", ""Foundry"", ""Tester"", ""Packager"", ""Inspector"", ""Fabricator"", ""Mounter"", ""Glassmaker"", ""Laminator"", ""Caster""],
  ""node_matrix"": [
    [1, ""Designer"", 1],
    [2, ""Leader"", 1],
    [3, ""Engineer"", 3],
    [4, ""Leader"", 3],
    [5, ""Foundry"", 5],
    [6, ""Tester"", 5],
    [7, ""Packager"", 7],
    [8, ""Inspector"", 7],
    [9, ""Fabricator"", 9],
    [10, ""Mounter"", 9],
    [11, ""Mounter"", 11],
    [12, ""Glassmaker"", 12],
    [13, ""Laminator"", 13],
    [14, ""Caster"", 14],
    [15, ""Leader"", 15]
  ]
}
```"
complex,C04,phone,12,16,2,quick,3.23,1,0,0.000,0,"wrong number of nodes (15 vs 16)","```json
{
  ""contract_name"": ""Smartphone_Manufacturing"",
  ""version"": ""Solidity ^0.4.22"",
  ""roles"": [""Leader"", ""Designer"", ""Engineer"", ""Foundry"", ""Tester"", ""Packager"", ""Inspector"", ""Fabricator"", ""Mounter"", ""Glassmaker"", ""Laminator"", ""Caster""],
  ""node_matrix"": [
    [1, ""Designer"", 1],
    [2, ""Leader"", 1],
    [3, ""Engineer"", 3],
    [4, ""Leader"", 3],
    [5, ""Foundry"", 5],
    [6, ""Tester"", 5],
    [7, ""Packager"", 7],
    [8, ""Inspector"", 7],
    [9, ""Fabricator"", 9],
    [10, ""Mounter"", 9],
    [11, ""Mounter"", 11],
    [12, ""Glassmaker"", 12],
    [13, ""Laminator"", 13],
    [14, ""Caster"", 14],
    [15, ""Leader"", 15]
  ]
}
```"
complex,C04,phone,12,16,3,quick,2.24,1,1,1.000,0,"","```json
{
  ""contract_name"": ""Smartphone_Manufacturing"",
  ""version"": ""Solidity ^0.4.22"",
  ""roles"": [""Leader"", ""Designer"", ""Engineer"", ""Foundry"", ""Tester"", ""Packager"", ""Inspector"", ""Fabricator"", ""Mounter"", ""Glassmaker"", ""Laminator"", ""Caster""],
  ""node_matrix"": [
    [1, ""Leader"", 1],
    [2, ""Designer"", 2],
    [3, ""Leader"", 2],
    [4, ""Engineer"", 4],
    [5, ""Leader"", 4],
    [6, ""Foundry"", 6],
    [7, ""Tester"", 6],
    [8, ""Packager"", 8],
    [9, ""Inspector"", 8],
    [10, ""Fabricator"", 10],
    [11, ""Mounter"", 10],
    [12, ""Mounter"", 12],
    [13, ""Glassmaker"", 13],
    [14, ""Laminator"", 14],
    [15, ""Caster"", 15],
    [16, ""Leader"", 16]
  ]
}
```"
complex,C05,denim,12,14,1,quick,2.21,1,1,1.000,0,"","```json
{
  ""contract_name"": ""Denim_Jeans_Collection"",
  ""version"": ""Solidity ^0.4.22"",
  ""roles"": [""leader"", ""washer"", ""distresser"", ""presser"", ""tagger"", ""folder"", ""packer"", ""photographer"", ""inspector"", ""copywriter"", ""tester"", ""courier""],
  ""node_matrix"": [
    [1, ""leader"", 1],
    [2, ""washer"", 2],
    [3, ""distresser"", 3],
    [4, ""presser"", 4],
    [5, ""tagger"", 4],
    [6, ""tagger"", 6],
    [7, ""folder"", 7],
    [8, ""packer"", 8],
    [9, ""photographer"", 9],
    [10, ""inspector"", 9],
    [11, ""copywriter"", 11],
    [12, ""tester"", 11],
    [13, ""courier"", 13],
    [14, ""leader"", 14]
  ]
}
```"
complex,C05,denim,12,14,2,quick,2.07,1,0,0.357,0,"wrong number of nodes (13 vs 14)","```json
{
  ""contract_name"": ""Denim_Jeans_Collection"",
  ""version"": ""Solidity ^0.4.22"",
  ""roles"": [""Leader"", ""Washer"", ""Distresser"", ""Presser"", ""Tagger"", ""Folder"", ""Packer"", ""Photographer"", ""Inspector"", ""Copywriter"", ""Tester"", ""Courier""],
  ""node_matrix"": [
    [1, ""Leader"", 1],
    [2, ""Washer"", 2],
    [3, ""Distresser"", 3],
    [4, ""Presser"", 4],
    [5, ""Tagger"", 4],
    [6, ""Folder"", 6],
    [7, ""Packer"", 7],
    [8, ""Photographer"", 8],
    [9, ""Inspector"", 8],
    [10, ""Copywriter"", 10],
    [11, ""Tester"", 10],
    [12, ""Courier"", 12],
    [13, ""Leader"", 13]
  ]
}
```"
complex,C05,denim,12,14,3,quick,2.24,1,0,0.357,0,"wrong number of nodes (13 vs 14)","```json
{
  ""contract_name"": ""Denim_Jeans_Factory"",
  ""version"": ""Solidity ^0.4.22"",
  ""roles"": [""Leader"", ""Washer"", ""Distresser"", ""Presser"", ""Tagger"", ""Folder"", ""Packer"", ""Photographer"", ""Inspector"", ""Copywriter"", ""Tester"", ""Courier""],
  ""node_matrix"": [
    [1, ""Leader"", 1],
    [2, ""Washer"", 2],
    [3, ""Distresser"", 3],
    [4, ""Presser"", 4],
    [5, ""Tagger"", 4],
    [6, ""Folder"", 6],
    [7, ""Packer"", 7],
    [8, ""Photographer"", 8],
    [9, ""Inspector"", 8],
    [10, ""Copywriter"", 10],
    [11, ""Tester"", 10],
    [12, ""Courier"", 12],
    [13, ""Leader"", 13]
  ]
}
```"
complex,C06,ebike,13,16,1,quick,2.32,1,0,0.000,0,"wrong number of nodes (15 vs 16)","```json
{
  ""contract_name"": ""Electric_Bicycles_Factory"",
  ""version"": ""Solidity ^0.4.22"",
  ""roles"": [""Leader"", ""Cutter"", ""Inspector"", ""Welder"", ""Grinder"", ""Tester"", ""Painter"", ""Machinist"", ""Wheelwright"", ""Vendor"", ""Integrator"", ""Electrician"", ""Programmer""],
  ""node_matrix"": [
    [1, ""Cutter"", 1],
    [2, ""Inspector"", 2],
    [3, ""Welder"", 1],
    [4, ""Grinder"", 4],
    [5, ""Tester"", 3],
    [6, ""Painter"", 6],
    [7, ""Inspector"", 6],
    [8, ""Machinist"", 8],
    [9, ""Wheelwright"", 9],
    [10, ""Vendor"", 10],
    [11, ""Integrator"", 10],
    [12, ""Integrator"", 12],
    [13, ""Electrician"", 13],
    [14, ""Programmer"", 14],
    [15, ""Leader"", 15]
  ]
}
```"
complex,C06,ebike,13,16,2,quick,2.18,1,0,0.000,0,"wrong number of nodes (15 vs 16)","```json
{
  ""contract_name"": ""Electric_Bicycle_Factory"",
  ""version"": ""Solidity ^0.4.22"",
  ""roles"": [""Leader"", ""Cutter"", ""Inspector"", ""Welder"", ""Grinder"", ""Tester"", ""Painter"", ""Machinist"", ""Wheelwright"", ""Vendor"", ""Integrator"", ""Electrician"", ""Programmer""],
  ""node_matrix"": [
    [1, ""Cutter"", 1],
    [2, ""Inspector"", 2],
    [3, ""Welder"", 3],
    [4, ""Grinder"", 4],
    [5, ""Tester"", 5],
    [6, ""Painter"", 6],
    [7, ""Inspector"", 7],
    [8, ""Machinist"", 8],
    [9, ""Wheelwright"", 9],
    [10, ""Vendor"", 10],
    [11, ""Integrator"", 11],
    [12, ""Integrator"", 12],
    [13, ""Electrician"", 13],
    [14, ""Programmer"", 14],
    [15, ""Leader"", 15]
  ]
}
```"
complex,C06,ebike,13,16,3,quick,2.24,1,0,0.000,0,"wrong number of nodes (15 vs 16)","```json
{
  ""contract_name"": ""Electric_Bicycle_Factory"",
  ""version"": ""Solidity ^0.4.22"",
  ""roles"": [""Leader"", ""Cutter"", ""Inspector"", ""Welder"", ""Grinder"", ""Tester"", ""Painter"", ""Machinist"", ""Wheelwright"", ""Vendor"", ""Integrator"", ""Electrician"", ""Programmer""],
  ""node_matrix"": [
    [1, ""Cutter"", 1],
    [2, ""Inspector"", 2],
    [3, ""Welder"", 3],
    [4, ""Grinder"", 4],
    [5, ""Tester"", 5],
    [6, ""Painter"", 6],
    [7, ""Inspector"", 7],
    [8, ""Machinist"", 8],
    [9, ""Wheelwright"", 9],
    [10, ""Vendor"", 10],
    [11, ""Integrator"", 11],
    [12, ""Integrator"", 12],
    [13, ""Electrician"", 13],
    [14, ""Programmer"", 14],
    [15, ""Leader"", 15]
  ]
}
```"
complex,C07,house,13,16,1,quick,2.36,1,1,1.000,0,"","```json
{
  ""contract_name"": ""Prefabricated_Timber_House"",
  ""version"": ""Solidity ^0.4.22"",
  ""roles"": [""Leader"", ""Electrician"", ""Plasterer"", ""Painter"", ""Tester"", ""Wrapper"", ""Haulier"", ""Groundworker"", ""Inspector"", ""Rigger"", ""Carpenter"", ""Landscaper"", ""Cleaner""],
  ""node_matrix"": [
    [1, ""Leader"", 1],
    [2, ""Electrician"", 2],
    [3, ""Plasterer"", 3],
    [4, ""Painter"", 4],
    [5, ""Tester"", 3],
    [6, ""Wrapper"", 6],
    [7, ""Haulier"", 6],
    [8, ""Haulier"", 8],
    [9, ""Groundworker"", 9],
    [10, ""Inspector"", 9],
    [11, ""Rigger"", 11],
    [12, ""Carpenter"", 12],
    [13, ""Tester"", 11],
    [14, ""Landscaper"", 14],
    [15, ""Cleaner"", 15],
    [16, ""Leader"", 16]
  ]
}
```"
complex,C07,house,13,16,2,quick,2.35,1,1,1.000,0,"","```json
{
  ""contract_name"": ""Prefabricated_Timber_House"",
  ""version"": ""Solidity ^0.4.22"",
  ""roles"": [""Leader"", ""Electrician"", ""Plasterer"", ""Painter"", ""Tester"", ""Wrapper"", ""Haulier"", ""Groundworker"", ""Inspector"", ""Rigger"", ""Carpenter"", ""Landscaper"", ""Cleaner""],
  ""node_matrix"": [
    [1, ""Leader"", 1],
    [2, ""Electrician"", 2],
    [3, ""Plasterer"", 3],
    [4, ""Painter"", 4],
    [5, ""Tester"", 3],
    [6, ""Wrapper"", 6],
    [7, ""Haulier"", 6],
    [8, ""Haulier"", 8],
    [9, ""Groundworker"", 9],
    [10, ""Inspector"", 9],
    [11, ""Rigger"", 11],
    [12, ""Carpenter"", 12],
    [13, ""Tester"", 11],
    [14, ""Landscaper"", 14],
    [15, ""Cleaner"", 15],
    [16, ""Leader"", 16]
  ]
}
```"
complex,C07,house,13,16,3,quick,2.43,1,1,1.000,0,"","```json
{
  ""contract_name"": ""Prefabricated_Timber_House"",
  ""version"": ""Solidity ^0.4.22"",
  ""roles"": [""Leader"", ""Electrician"", ""Plasterer"", ""Painter"", ""Tester"", ""Wrapper"", ""Haulier"", ""Groundworker"", ""Inspector"", ""Rigger"", ""Carpenter"", ""Landscaper"", ""Cleaner""],
  ""node_matrix"": [
    [1, ""Leader"", 1],
    [2, ""Electrician"", 2],
    [3, ""Plasterer"", 3],
    [4, ""Painter"", 4],
    [5, ""Tester"", 3],
    [6, ""Wrapper"", 6],
    [7, ""Haulier"", 6],
    [8, ""Haulier"", 8],
    [9, ""Groundworker"", 9],
    [10, ""Inspector"", 9],
    [11, ""Rigger"", 11],
    [12, ""Carpenter"", 12],
    [13, ""Tester"", 11],
    [14, ""Landscaper"", 14],
    [15, ""Cleaner"", 15],
    [16, ""Leader"", 16]
  ]
}
```"
complex,C08,chocolate,14,18,1,quick,2.62,1,0,0.000,0,"wrong number of nodes (17 vs 18)","```json
{
  ""contract_name"": ""Single_Origin_Chocolate_Factory"",
  ""version"": ""Solidity ^0.4.22"",
  ""roles"": [""Leader"", ""Exporter"", ""Sorter"", ""Roaster"", ""Winnower"", ""Grinder"", ""Refiner"", ""Tester"", ""Concher"", ""Temperer"", ""Inspector"", ""Moulder"", ""Designer"", ""Printer""],
  ""node_matrix"": [
    [1, ""Exporter"", 1],
    [2, ""Sorter"", 1],
    [3, ""Sorter"", 3],
    [4, ""Roaster"", 4],
    [5, ""Winnower"", 5],
    [6, ""Grinder"", 6],
    [7, ""Refiner"", 7],
    [8, ""Tester"", 7],
    [9, ""Concher"", 8],
    [10, ""Temperer"", 10],
    [11, ""Inspector"", 9],
    [12, ""Moulder"", 11],
    [13, ""Tester"", 12],
    [14, ""Designer"", 14],
    [15, ""Leader"", 14],
    [16, ""Printer"", 16],
    [17, ""Leader"", 17]
  ]
}
```"
complex,C08,chocolate,14,18,2,quick,2.95,1,0,0.000,0,"wrong number of nodes (17 vs 18)","```json
{
  ""contract_name"": ""Single_Origin_Chocolate_Factory"",
  ""version"": ""Solidity ^0.4.22"",
  ""roles"": [""Leader"", ""Exporter"", ""Sorter"", ""Roaster"", ""Winnower"", ""Grinder"", ""Refiner"", ""Tester"", ""Concher"", ""Temperer"", ""Inspector"", ""Moulder"", ""Designer"", ""Printer""],
  ""node_matrix"": [
    [1, ""Exporter"", 1],
    [2, ""Sorter"", 1],
    [3, ""Sorter"", 3],
    [4, ""Roaster"", 4],
    [5, ""Winnower"", 5],
    [6, ""Grinder"", 6],
    [7, ""Refiner"", 7],
    [8, ""Tester"", 7],
    [9, ""Concher"", 9],
    [10, ""Temperer"", 10],
    [11, ""Inspector"", 9],
    [12, ""Moulder"", 12],
    [13, ""Tester"", 12],
    [14, ""Designer"", 14],
    [15, ""Leader"", 14],
    [16, ""Printer"", 16],
    [17, ""Leader"", 17]
  ]
}
```"
complex,C08,chocolate,14,18,3,quick,2.49,1,0,0.000,0,"wrong number of nodes (17 vs 18)","```json
{
  ""contract_name"": ""Single_Origin_Chocolate_Factory"",
  ""version"": ""Solidity ^0.4.22"",
  ""roles"": [""Leader"", ""Exporter"", ""Sorter"", ""Roaster"", ""Winnower"", ""Grinder"", ""Refiner"", ""Tester"", ""Concher"", ""Temperer"", ""Inspector"", ""Moulder"", ""Designer"", ""Printer""],
  ""node_matrix"": [
    [1, ""Exporter"", 1],
    [2, ""Sorter"", 1],
    [3, ""Sorter"", 3],
    [4, ""Roaster"", 4],
    [5, ""Winnower"", 5],
    [6, ""Grinder"", 6],
    [7, ""Refiner"", 7],
    [8, ""Tester"", 7],
    [9, ""Concher"", 9],
    [10, ""Temperer"", 10],
    [11, ""Inspector"", 9],
    [12, ""Moulder"", 12],
    [13, ""Tester"", 12],
    [14, ""Designer"", 14],
    [15, ""Leader"", 14],
    [16, ""Printer"", 16],
    [17, ""Leader"", 17]
  ]
}
```"
complex,C09,phone,14,17,1,quick,2.48,1,0,0.000,0,"wrong number of nodes (16 vs 17)","```json
{
  ""contract_name"": ""Smartphone_Manufacturing"",
  ""version"": ""Solidity ^0.4.22"",
  ""roles"": [""Leader"", ""Glassmaker"", ""Laminator"", ""Caster"", ""Anodizer"", ""Vendor"", ""Tester"", ""Assembler"", ""Programmer"", ""Calibrator"", ""Sealer"", ""Inspector"", ""Engraver"", ""Printer""],
  ""node_matrix"": [
    [1, ""Glassmaker"", 1],
    [2, ""Laminator"", 1],
    [3, ""Laminator"", 3],
    [4, ""Caster"", 4],
    [5, ""Anodizer"", 5],
    [6, ""Vendor"", 6],
    [7, ""Tester"", 6],
    [8, ""Assembler"", 8],
    [9, ""Programmer"", 9],
    [10, ""Calibrator"", 10],
    [11, ""Sealer"", 11],
    [12, ""Inspector"", 11],
    [13, ""Engraver"", 13],
    [14, ""Tester"", 13],
    [15, ""Printer"", 15],
    [16, ""Leader"", 16]
  ]
}
```"
complex,C09,phone,14,17,2,quick,2.54,1,0,0.000,0,"wrong number of nodes (16 vs 17)","```json
{
  ""contract_name"": ""Smartphone_Manufacturing"",
  ""version"": ""Solidity ^0.4.22"",
  ""roles"": [""Leader"", ""Glassmaker"", ""Laminator"", ""Caster"", ""Anodizer"", ""Vendor"", ""Tester"", ""Assembler"", ""Programmer"", ""Calibrator"", ""Sealer"", ""Inspector"", ""Engraver"", ""Printer""],
  ""node_matrix"": [
    [1, ""Glassmaker"", 1],
    [2, ""Laminator"", 1],
    [3, ""Laminator"", 3],
    [4, ""Caster"", 4],
    [5, ""Anodizer"", 5],
    [6, ""Vendor"", 6],
    [7, ""Tester"", 6],
    [8, ""Assembler"", 8],
    [9, ""Programmer"", 9],
    [10, ""Calibrator"", 10],
    [11, ""Sealer"", 11],
    [12, ""Inspector"", 11],
    [13, ""Engraver"", 13],
    [14, ""Tester"", 13],
    [15, ""Printer"", 15],
    [16, ""Leader"", 16]
  ]
}
```"
complex,C09,phone,14,17,3,quick,3.62,1,0,0.000,0,"wrong number of nodes (16 vs 17)","```json
{
  ""contract_name"": ""Smartphone_Manufacturing"",
  ""version"": ""Solidity ^0.4.22"",
  ""roles"": [""Leader"", ""Glassmaker"", ""Laminator"", ""Caster"", ""Anodizer"", ""Vendor"", ""Tester"", ""Assembler"", ""Programmer"", ""Calibrator"", ""Sealer"", ""Inspector"", ""Engraver"", ""Printer""],
  ""node_matrix"": [
    [1, ""Glassmaker"", 1],
    [2, ""Laminator"", 1],
    [3, ""Laminator"", 3],
    [4, ""Caster"", 4],
    [5, ""Anodizer"", 5],
    [6, ""Vendor"", 6],
    [7, ""Tester"", 6],
    [8, ""Assembler"", 8],
    [9, ""Programmer"", 9],
    [10, ""Calibrator"", 10],
    [11, ""Sealer"", 11],
    [12, ""Inspector"", 11],
    [13, ""Engraver"", 13],
    [14, ""Tester"", 13],
    [15, ""Printer"", 15],
    [16, ""Leader"", 16]
  ]
}
```"
complex,C10,denim,15,17,1,quick,2.42,1,0,0.000,0,"wrong number of nodes (15 vs 17)","```json
{
  ""contract_name"": ""Denim_Jeans_Factory"",
  ""version"": ""Solidity ^0.4.22"",
  ""roles"": [""Leader"", ""Embroiderer"", ""Sewer"", ""Auditor"", ""Riveter"", ""Washer"", ""Tester"", ""Distresser"", ""Presser"", ""Tagger"", ""Inspector"", ""Folder"", ""Packer"", ""Photographer"", ""Copywriter""],
  ""node_matrix"": [
    [1, ""Embroiderer"", 1],
    [2, ""Sewer"", 1],
    [3, ""Auditor"", 2],
    [4, ""Riveter"", 4],
    [5, ""Washer"", 5],
    [6, ""Tester"", 4],
    [7, ""Distresser"", 7],
    [8, ""Presser"", 8],
    [9, ""Tagger"", 9],
    [10, ""Inspector"", 9],
    [11, ""Folder"", 11],
    [12, ""Packer"", 12],
    [13, ""Photographer"", 13],
    [14, ""Copywriter"", 14],
    [15, ""Leader"", 15]
  ]
}
```"
complex,C10,denim,15,17,2,quick,2.37,1,0,0.000,0,"wrong number of nodes (15 vs 17)","```json
{
  ""contract_name"": ""Denim_Jeans_Collection"",
  ""version"": ""Solidity ^0.4.22"",
  ""roles"": [""Leader"", ""Embroiderer"", ""Sewer"", ""Auditor"", ""Riveter"", ""Washer"", ""Tester"", ""Distresser"", ""Presser"", ""Tagger"", ""Inspector"", ""Folder"", ""Packer"", ""Photographer"", ""Copywriter""],
  ""node_matrix"": [
    [1, ""Embroiderer"", 1],
    [2, ""Sewer"", 1],
    [3, ""Auditor"", 2],
    [4, ""Riveter"", 4],
    [5, ""Washer"", 5],
    [6, ""Tester"", 4],
    [7, ""Distresser"", 7],
    [8, ""Presser"", 8],
    [9, ""Tagger"", 9],
    [10, ""Inspector"", 9],
    [11, ""Folder"", 11],
    [12, ""Packer"", 12],
    [13, ""Photographer"", 13],
    [14, ""Copywriter"", 14],
    [15, ""Leader"", 15]
  ]
}
```"
complex,C10,denim,15,17,3,quick,2.86,1,0,0.000,0,"wrong number of nodes (15 vs 17)","```json
{
  ""contract_name"": ""Denim_Jeans_Factory"",
  ""version"": ""Solidity ^0.4.22"",
  ""roles"": [""Leader"", ""Embroiderer"", ""Sewer"", ""Auditor"", ""Riveter"", ""Washer"", ""Tester"", ""Distresser"", ""Presser"", ""Tagger"", ""Inspector"", ""Folder"", ""Packer"", ""Photographer"", ""Copywriter""],
  ""node_matrix"": [
    [1, ""Embroiderer"", 1],
    [2, ""Sewer"", 1],
    [3, ""Auditor"", 2],
    [4, ""Riveter"", 4],
    [5, ""Washer"", 5],
    [6, ""Tester"", 4],
    [7, ""Distresser"", 7],
    [8, ""Presser"", 8],
    [9, ""Tagger"", 9],
    [10, ""Inspector"", 9],
    [11, ""Folder"", 11],
    [12, ""Packer"", 12],
    [13, ""Photographer"", 13],
    [14, ""Copywriter"", 14],
    [15, ""Leader"", 15]
  ]
}
```"
complex,C11,ebike,15,17,1,quick,2.31,1,0,0.588,0,"wrong number of nodes (16 vs 17)","```json
{
  ""contract_name"": ""Electric_Bicycle_Factory"",
  ""version"": ""Solidity ^0.4.22"",
  ""roles"": [""Leader"", ""Electrician"", ""Programmer"", ""Assembler"", ""Mechanic"", ""Photographer"", ""Writer"", ""Auditor"", ""Translator"", ""Printer"", ""Packer"", ""Inspector"", ""Carrier"", ""Tester"", ""Storekeeper""],
  ""node_matrix"": [
    [1, ""Leader"", 1],
    [2, ""Electrician"", 2],
    [3, ""Programmer"", 3],
    [4, ""Assembler"", 4],
    [5, ""Mechanic"", 5],
    [6, ""Photographer"", 6],
    [7, ""Writer"", 7],
    [8, ""Auditor"", 7],
    [9, ""Translator"", 9],
    [10, ""Printer"", 9],
    [11, ""Packer"", 11],
    [12, ""Inspector"", 11],
    [13, ""Carrier"", 13],
    [14, ""Tester"", 13],
    [15, ""Storekeeper"", 15],
    [16, ""Leader"", 16]
  ]
}
```"
complex,C11,ebike,15,17,2,quick,2.28,1,0,0.588,0,"wrong number of nodes (16 vs 17)","```json
{
  ""contract_name"": ""Electric_Bicycle_Factory"",
  ""version"": ""Solidity ^0.4.22"",
  ""roles"": [""Leader"", ""Electrician"", ""Programmer"", ""Assembler"", ""Mechanic"", ""Photographer"", ""Writer"", ""Auditor"", ""Translator"", ""Printer"", ""Packer"", ""Inspector"", ""Carrier"", ""Tester"", ""Storekeeper""],
  ""node_matrix"": [
    [1, ""Leader"", 1],
    [2, ""Electrician"", 2],
    [3, ""Programmer"", 3],
    [4, ""Assembler"", 4],
    [5, ""Mechanic"", 5],
    [6, ""Photographer"", 6],
    [7, ""Writer"", 7],
    [8, ""Auditor"", 7],
    [9, ""Translator"", 9],
    [10, ""Printer"", 9],
    [11, ""Packer"", 11],
    [12, ""Inspector"", 11],
    [13, ""Carrier"", 13],
    [14, ""Tester"", 13],
    [15, ""Storekeeper"", 15],
    [16, ""Leader"", 16]
  ]
}
```"
complex,C11,ebike,15,17,3,quick,2.29,1,0,0.588,0,"wrong number of nodes (16 vs 17)","```json
{
  ""contract_name"": ""Electric_Bicycles_Factory"",
  ""version"": ""Solidity ^0.4.22"",
  ""roles"": [""Leader"", ""Electrician"", ""Programmer"", ""Assembler"", ""Mechanic"", ""Photographer"", ""Writer"", ""Auditor"", ""Translator"", ""Printer"", ""Packer"", ""Inspector"", ""Carrier"", ""Tester"", ""Storekeeper""],
  ""node_matrix"": [
    [1, ""Leader"", 1],
    [2, ""Electrician"", 2],
    [3, ""Programmer"", 3],
    [4, ""Assembler"", 4],
    [5, ""Mechanic"", 5],
    [6, ""Photographer"", 6],
    [7, ""Writer"", 7],
    [8, ""Auditor"", 7],
    [9, ""Translator"", 9],
    [10, ""Printer"", 9],
    [11, ""Packer"", 11],
    [12, ""Inspector"", 11],
    [13, ""Carrier"", 13],
    [14, ""Tester"", 13],
    [15, ""Storekeeper"", 15],
    [16, ""Leader"", 16]
  ]
}
```"
complex,C12,house,16,18,1,quick,2.65,1,0,0.000,0,"wrong number of nodes (17 vs 18)","```json
{
  ""contract_name"": ""Prefabricated_Timber_House"",
  ""version"": ""Solidity ^0.4.22"",
  ""roles"": [""Leader"", ""Insulator"", ""Glazier"", ""Roofer"", ""Tester"", ""Plumber"", ""Electrician"", ""Plasterer"", ""Auditor"", ""Painter"", ""Wrapper"", ""Haulier"", ""Inspector"", ""Groundworker"", ""Rigger"", ""Carpenter""],
  ""node_matrix"": [
    [1, ""Insulator"", 1],
    [2, ""Glazier"", 2],
    [3, ""Roofer"", 3],
    [4, ""Tester"", 3],
    [5, ""Plumber"", 5],
    [6, ""Electrician"", 6],
    [7, ""Plasterer"", 7],
    [8, ""Auditor"", 7],
    [9, ""Painter"", 9],
    [10, ""Wrapper"", 10],
    [11, ""Haulier"", 11],
    [12, ""Inspector"", 11],
    [13, ""Groundworker"", 13],
    [14, ""Tester"", 13],
    [15, ""Rigger"", 15],
    [16, ""Carpenter"", 16],
    [17, ""Leader"", 17]
  ]
}
```"
complex,C12,house,16,18,2,quick,2.56,1,0,0.000,0,"wrong number of nodes (17 vs 18)","```json
{
  ""contract_name"": ""Prefabricated_Timber_House"",
  ""version"": ""Solidity ^0.4.22"",
  ""roles"": [""Leader"", ""Insulator"", ""Glazier"", ""Roofer"", ""Tester"", ""Plumber"", ""Electrician"", ""Plasterer"", ""Auditor"", ""Painter"", ""Wrapper"", ""Haulier"", ""Inspector"", ""Groundworker"", ""Rigger"", ""Carpenter""],
  ""node_matrix"": [
    [1, ""Insulator"", 1],
    [2, ""Glazier"", 2],
    [3, ""Roofer"", 3],
    [4, ""Tester"", 3],
    [5, ""Plumber"", 5],
    [6, ""Electrician"", 6],
    [7, ""Plasterer"", 7],
    [8, ""Auditor"", 7],
    [9, ""Painter"", 9],
    [10, ""Wrapper"", 10],
    [11, ""Haulier"", 11],
    [12, ""Inspector"", 11],
    [13, ""Groundworker"", 13],
    [14, ""Tester"", 13],
    [15, ""Rigger"", 15],
    [16, ""Carpenter"", 16],
    [17, ""Leader"", 17]
  ]
}
```"
complex,C12,house,16,18,3,quick,2.59,1,0,0.000,0,"wrong number of nodes (17 vs 18)","```json
{
  ""contract_name"": ""Prefabricated_Timber_House"",
  ""version"": ""Solidity ^0.4.22"",
  ""roles"": [""Leader"", ""Insulator"", ""Glazier"", ""Roofer"", ""Tester"", ""Plumber"", ""Electrician"", ""Plasterer"", ""Auditor"", ""Painter"", ""Wrapper"", ""Haulier"", ""Inspector"", ""Groundworker"", ""Rigger"", ""Carpenter""],
  ""node_matrix"": [
    [1, ""Insulator"", 1],
    [2, ""Glazier"", 2],
    [3, ""Roofer"", 3],
    [4, ""Tester"", 3],
    [5, ""Plumber"", 5],
    [6, ""Electrician"", 6],
    [7, ""Plasterer"", 7],
    [8, ""Auditor"", 7],
    [9, ""Painter"", 9],
    [10, ""Wrapper"", 10],
    [11, ""Haulier"", 11],
    [12, ""Inspector"", 11],
    [13, ""Groundworker"", 13],
    [14, ""Tester"", 13],
    [15, ""Rigger"", 15],
    [16, ""Carpenter"", 16],
    [17, ""Leader"", 17]
  ]
}
```"
complex,C13,chocolate,16,19,1,quick,3.32,1,0,0.105,0,"wrong number of nodes (23 vs 19)","```json
{
  ""contract_name"": ""Single_Origin_Chocolate_Factory"",
  ""version"": ""Solidity ^0.4.22"",
  ""roles"": [""Leader"", ""Grinder"", ""Refiner"", ""Auditor"", ""Concher"", ""Temperer"", ""Inspector"", ""Moulder"", ""Designer"", ""Printer"", ""Wrapper"", ""Labeler"", ""Packer"", ""Forwarder"", ""Tester"", ""Distributor""],
  ""node_matrix"": [
    [1, ""Grinder"", 1],
    [2, ""Refiner"", 2],
    [3, ""Auditor"", 3],
    [4, ""Grinder"", 1],
    [5, ""Concher"", 5],
    [6, ""Temperer"", 6],
    [7, ""Inspector"", 7],
    [8, ""Concher"", 5],
    [9, ""Moulder"", 9],
    [10, ""Designer"", 10],
    [11, ""Leader"", 11],
    [12, ""Designer"", 10],
    [13, ""Printer"", 13],
    [14, ""Wrapper"", 14],
    [15, ""Labeler"", 15],
    [16, ""Wrapper"", 14],
    [17, ""Labeler"", 17],
    [18, ""Packer"", 18],
    [19, ""Forwarder"", 19],
    [20, ""Tester"", 20],
    [21, ""Packer"", 18],
    [22, ""Distributor"", 22],
    [23, ""Leader"", 23]
  ]
}
```"
complex,C13,chocolate,16,19,2,quick,2.46,1,0,0.000,0,"wrong number of nodes (18 vs 19)","```json
{
  ""contract_name"": ""Single_Origin_Chocolate_Factory"",
  ""version"": ""Solidity ^0.4.22"",
  ""roles"": [""leader"", ""grinder"", ""refiner"", ""auditor"", ""concher"", ""temperer"", ""inspector"", ""moulder"", ""designer"", ""printer"", ""wrapper"", ""labeler"", ""packer"", ""forwarder"", ""tester"", ""distributor""],
  ""node_matrix"": [
    [1, ""grinder"", 1],
    [2, ""refiner"", 2],
    [3, ""auditor"", 1],
    [4, ""concher"", 4],
    [5, ""temperer"", 5],
    [6, ""inspector"", 4],
    [7, ""moulder"", 7],
    [8, ""designer"", 8],
    [9, ""leader"", 8],
    [10, ""printer"", 10],
    [11, ""wrapper"", 11],
    [12, ""labeler"", 11],
    [13, ""labeler"", 13],
    [14, ""packer"", 13],
    [15, ""forwarder"", 15],
    [16, ""tester"", 14],
    [17, ""distributor"", 17],
    [18, ""leader"", 18]
  ]
}
```"
complex,C13,chocolate,16,19,3,quick,2.68,1,0,0.000,0,"wrong number of nodes (18 vs 19)","```json
{
  ""contract_name"": ""Single_Origin_Chocolate_Factory"",
  ""version"": ""Solidity ^0.4.22"",
  ""roles"": [""Leader"", ""Grinder"", ""Refiner"", ""Auditor"", ""Concher"", ""Temperer"", ""Inspector"", ""Moulder"", ""Designer"", ""Printer"", ""Wrapper"", ""Labeler"", ""Packer"", ""Forwarder"", ""Tester"", ""Distributor""],
  ""node_matrix"": [
    [1, ""Grinder"", 1],
    [2, ""Refiner"", 2],
    [3, ""Auditor"", 3],
    [4, ""Concher"", 1],
    [5, ""Temperer"", 5],
    [6, ""Inspector"", 4],
    [7, ""Moulder"", 7],
    [8, ""Designer"", 8],
    [9, ""Leader"", 8],
    [10, ""Printer"", 10],
    [11, ""Wrapper"", 11],
    [12, ""Labeler"", 11],
    [13, ""Labeler"", 13],
    [14, ""Packer"", 14],
    [15, ""Forwarder"", 15],
    [16, ""Tester"", 14],
    [17, ""Distributor"", 17],
    [18, ""Leader"", 18]
  ]
}
```"
complex,C14,phone,17,20,1,quick,2.87,1,0,0.950,0,"wrong rollback at node 5","```json
{
  ""contract_name"": ""Smartphone_Manufacturing"",
  ""version"": ""Solidity ^0.4.22"",
  ""roles"": [""Leader"", ""Anodizer"", ""Auditor"", ""Vendor"", ""Assembler"", ""Programmer"", ""Inspector"", ""Calibrator"", ""Sealer"", ""Engraver"", ""Printer"", ""Packer"", ""Tester"", ""Registrar"", ""Forwarder"", ""Marketer"", ""Retailer""],
  ""node_matrix"": [
    [1, ""Leader"", 1],
    [2, ""Anodizer"", 2],
    [3, ""Auditor"", 2],
    [4, ""Vendor"", 4],
    [5, ""Assembler"", 5],
    [6, ""Assembler"", 6],
    [7, ""Programmer"", 7],
    [8, ""Inspector"", 6],
    [9, ""Calibrator"", 9],
    [10, ""Sealer"", 10],
    [11, ""Engraver"", 11],
    [12, ""Printer"", 12],
    [13, ""Packer"", 13],
    [14, ""Tester"", 13],
    [15, ""Registrar"", 15],
    [16, ""Auditor"", 15],
    [17, ""Forwarder"", 17],
    [18, ""Marketer"", 18],
    [19, ""Retailer"", 19],
    [20, ""Leader"", 20]
  ]
}
```"
complex,C14,phone,17,20,2,quick,3.11,1,0,0.950,0,"wrong rollback at node 5","```json
{
  ""contract_name"": ""Smartphone_Manufacturing"",
  ""version"": ""Solidity ^0.4.22"",
  ""roles"": [""Leader"", ""Anodizer"", ""Auditor"", ""Vendor"", ""Assembler"", ""Programmer"", ""Inspector"", ""Calibrator"", ""Sealer"", ""Engraver"", ""Printer"", ""Packer"", ""Tester"", ""Registrar"", ""Forwarder"", ""Marketer"", ""Retailer""],
  ""node_matrix"": [
    [1, ""Leader"", 1],
    [2, ""Anodizer"", 2],
    [3, ""Auditor"", 2],
    [4, ""Vendor"", 4],
    [5, ""Assembler"", 5],
    [6, ""Assembler"", 6],
    [7, ""Programmer"", 7],
    [8, ""Inspector"", 6],
    [9, ""Calibrator"", 9],
    [10, ""Sealer"", 10],
    [11, ""Engraver"", 11],
    [12, ""Printer"", 12],
    [13, ""Packer"", 13],
    [14, ""Tester"", 13],
    [15, ""Registrar"", 15],
    [16, ""Auditor"", 15],
    [17, ""Forwarder"", 17],
    [18, ""Marketer"", 18],
    [19, ""Retailer"", 19],
    [20, ""Leader"", 20]
  ]
}
```"
complex,C14,phone,17,20,3,quick,2.68,1,0,0.950,0,"wrong rollback at node 5","```json
{
  ""contract_name"": ""Smartphone_Manufacturing"",
  ""version"": ""Solidity ^0.4.22"",
  ""roles"": [""Leader"", ""Anodizer"", ""Auditor"", ""Vendor"", ""Assembler"", ""Programmer"", ""Inspector"", ""Calibrator"", ""Sealer"", ""Engraver"", ""Printer"", ""Packer"", ""Tester"", ""Registrar"", ""Forwarder"", ""Marketer"", ""Retailer""],
  ""node_matrix"": [
    [1, ""Leader"", 1],
    [2, ""Anodizer"", 2],
    [3, ""Auditor"", 2],
    [4, ""Vendor"", 4],
    [5, ""Assembler"", 5],
    [6, ""Assembler"", 6],
    [7, ""Programmer"", 7],
    [8, ""Inspector"", 6],
    [9, ""Calibrator"", 9],
    [10, ""Sealer"", 10],
    [11, ""Engraver"", 11],
    [12, ""Printer"", 12],
    [13, ""Packer"", 13],
    [14, ""Tester"", 13],
    [15, ""Registrar"", 15],
    [16, ""Auditor"", 15],
    [17, ""Forwarder"", 17],
    [18, ""Marketer"", 18],
    [19, ""Retailer"", 19],
    [20, ""Leader"", 20]
  ]
}
```"
complex,C15,denim,17,20,1,quick,2.64,1,1,1.000,0,"","```json
{
  ""contract_name"": ""Denim_Jeans_Factory"",
  ""version"": ""Solidity ^0.4.22"",
  ""roles"": [""Leader"", ""Embroiderer"", ""Sewer"", ""Riveter"", ""Washer"", ""Auditor"", ""Distresser"", ""Presser"", ""Tester"", ""Tagger"", ""Folder"", ""Packer"", ""Inspector"", ""Photographer"", ""Copywriter"", ""Courier"", ""Influencer""],
  ""node_matrix"": [
    [1, ""Leader"", 1],
    [2, ""Embroiderer"", 2],
    [3, ""Sewer"", 3],
    [4, ""Riveter"", 4],
    [5, ""Washer"", 5],
    [6, ""Auditor"", 5],
    [7, ""Distresser"", 7],
    [8, ""Presser"", 8],
    [9, ""Tester"", 8],
    [10, ""Tagger"", 10],
    [11, ""Folder"", 10],
    [12, ""Folder"", 12],
    [13, ""Packer"", 13],
    [14, ""Inspector"", 13],
    [15, ""Photographer"", 15],
    [16, ""Copywriter"", 16],
    [17, ""Courier"", 17],
    [18, ""Auditor"", 17],
    [19, ""Influencer"", 19],
    [20, ""Leader"", 20]
  ]
}
```"
complex,C15,denim,17,20,2,quick,2.69,1,1,1.000,0,"","```json
{
  ""contract_name"": ""Denim_Jeans_Factory"",
  ""version"": ""Solidity ^0.4.22"",
  ""roles"": [""Leader"", ""Embroiderer"", ""Sewer"", ""Riveter"", ""Washer"", ""Auditor"", ""Distresser"", ""Presser"", ""Tester"", ""Tagger"", ""Folder"", ""Packer"", ""Inspector"", ""Photographer"", ""Copywriter"", ""Courier"", ""Influencer""],
  ""node_matrix"": [
    [1, ""Leader"", 1],
    [2, ""Embroiderer"", 2],
    [3, ""Sewer"", 3],
    [4, ""Riveter"", 4],
    [5, ""Washer"", 5],
    [6, ""Auditor"", 5],
    [7, ""Distresser"", 7],
    [8, ""Presser"", 8],
    [9, ""Tester"", 8],
    [10, ""Tagger"", 10],
    [11, ""Folder"", 10],
    [12, ""Folder"", 12],
    [13, ""Packer"", 13],
    [14, ""Inspector"", 13],
    [15, ""Photographer"", 15],
    [16, ""Copywriter"", 16],
    [17, ""Courier"", 17],
    [18, ""Auditor"", 17],
    [19, ""Influencer"", 19],
    [20, ""Leader"", 20]
  ]
}
```"
complex,C15,denim,17,20,3,quick,2.78,1,1,1.000,0,"","```json
{
  ""contract_name"": ""Denim_Jeans_Collection"",
  ""version"": ""Solidity ^0.4.22"",
  ""roles"": [""Leader"", ""Embroiderer"", ""Sewer"", ""Riveter"", ""Washer"", ""Auditor"", ""Distresser"", ""Presser"", ""Tester"", ""Tagger"", ""Folder"", ""Packer"", ""Inspector"", ""Photographer"", ""Copywriter"", ""Courier"", ""Influencer""],
  ""node_matrix"": [
    [1, ""Leader"", 1],
    [2, ""Embroiderer"", 2],
    [3, ""Sewer"", 3],
    [4, ""Riveter"", 4],
    [5, ""Washer"", 5],
    [6, ""Auditor"", 5],
    [7, ""Distresser"", 7],
    [8, ""Presser"", 8],
    [9, ""Tester"", 8],
    [10, ""Tagger"", 10],
    [11, ""Folder"", 10],
    [12, ""Folder"", 12],
    [13, ""Packer"", 13],
    [14, ""Inspector"", 13],
    [15, ""Photographer"", 15],
    [16, ""Copywriter"", 16],
    [17, ""Courier"", 17],
    [18, ""Auditor"", 17],
    [19, ""Influencer"", 19],
    [20, ""Leader"", 20]
  ]
}
```"
complex,C16,ebike,18,22,1,quick,2.90,0,0,0.909,0,"role not declared","```json
{
  ""contract_name"": ""Electric_Bicycle_Factory"",
  ""version"": ""Solidity ^0.4.22"",
  ""roles"": [""Leader"", ""Designer"", ""Supplier"", ""Cutter"", ""Welder"", ""Auditor"", ""Grinder"", ""Painter"", ""Machinist"", ""Wheelwright"", ""Tester"", ""Vendor"", ""Integrator"", ""Electrician"", ""Programmer"", ""Assembler"", ""Mechanic""],
  ""node_matrix"": [
    [1, ""Leader"", 1],
    [2, ""Designer"", 2],
    [3, ""Leader"", 2],
    [4, ""Supplier"", 4],
    [5, ""Cutter"", 5],
    [6, ""Welder"", 6],
    [7, ""Auditor"", 5],
    [8, ""Grinder"", 8],
    [9, ""Painter"", 9],
    [10, ""Machinist"", 10],
    [11, ""Wheelwright"", 11],
    [12, ""Tester"", 10],
    [13, ""Vendor"", 13],
    [14, ""Integrator"", 13],
    [15, ""Integrator"", 14],
    [16, ""Inspector"", 14],
    [17, ""Electrician"", 17],
    [18, ""Auditor"", 17],
    [19, ""Programmer"", 19],
    [20, ""Assembler"", 20],
    [21, ""Mechanic"", 21],
    [22, ""Leader"", 22]
  ]
}
```"
complex,C16,ebike,18,22,2,quick,2.87,0,0,0.909,0,"role not declared","```json
{
  ""contract_name"": ""Electric_Bicycle_Factory"",
  ""version"": ""Solidity ^0.4.22"",
  ""roles"": [""Leader"", ""Designer"", ""Supplier"", ""Cutter"", ""Welder"", ""Auditor"", ""Grinder"", ""Painter"", ""Machinist"", ""Wheelwright"", ""Tester"", ""Vendor"", ""Integrator"", ""Electrician"", ""Programmer"", ""Assembler"", ""Mechanic""],
  ""node_matrix"": [
    [1, ""Leader"", 1],
    [2, ""Designer"", 2],
    [3, ""Leader"", 2],
    [4, ""Supplier"", 4],
    [5, ""Cutter"", 5],
    [6, ""Welder"", 6],
    [7, ""Auditor"", 5],
    [8, ""Grinder"", 8],
    [9, ""Painter"", 9],
    [10, ""Machinist"", 10],
    [11, ""Wheelwright"", 11],
    [12, ""Tester"", 10],
    [13, ""Vendor"", 13],
    [14, ""Integrator"", 13],
    [15, ""Integrator"", 14],
    [16, ""Inspector"", 14],
    [17, ""Electrician"", 17],
    [18, ""Auditor"", 17],
    [19, ""Programmer"", 19],
    [20, ""Assembler"", 20],
    [21, ""Mechanic"", 21],
    [22, ""Leader"", 22]
  ]
}
```"
complex,C16,ebike,18,22,3,quick,2.82,1,1,1.000,0,"","```json
{
  ""contract_name"": ""Electric_Bicycle_Factory"",
  ""version"": ""Solidity ^0.4.22"",
  ""roles"": [""Leader"", ""Designer"", ""Supplier"", ""Cutter"", ""Welder"", ""Auditor"", ""Grinder"", ""Painter"", ""Machinist"", ""Wheelwright"", ""Tester"", ""Vendor"", ""Integrator"", ""Inspector"", ""Electrician"", ""Programmer"", ""Assembler"", ""Mechanic""],
  ""node_matrix"": [
    [1, ""Leader"", 1],
    [2, ""Designer"", 2],
    [3, ""Leader"", 2],
    [4, ""Supplier"", 4],
    [5, ""Cutter"", 5],
    [6, ""Welder"", 6],
    [7, ""Auditor"", 5],
    [8, ""Grinder"", 8],
    [9, ""Painter"", 9],
    [10, ""Machinist"", 10],
    [11, ""Wheelwright"", 11],
    [12, ""Tester"", 10],
    [13, ""Vendor"", 13],
    [14, ""Integrator"", 13],
    [15, ""Integrator"", 15],
    [16, ""Inspector"", 15],
    [17, ""Electrician"", 17],
    [18, ""Auditor"", 17],
    [19, ""Programmer"", 19],
    [20, ""Assembler"", 20],
    [21, ""Mechanic"", 21],
    [22, ""Leader"", 22]
  ]
}
```"
complex,C17,house,18,21,1,quick,2.76,1,1,1.000,0,"","```json
{
  ""contract_name"": ""Prefabricated_Timber_House"",
  ""version"": ""Solidity ^0.4.22"",
  ""roles"": [""Leader"", ""Sawyer"", ""Dryer"", ""Inspector"", ""Joiner"", ""Framer"", ""Insulator"", ""Glazier"", ""Roofer"", ""Tester"", ""Plumber"", ""Electrician"", ""Auditor"", ""Plasterer"", ""Painter"", ""Wrapper"", ""Haulier"", ""Groundworker""],
  ""node_matrix"": [
    [1, ""Leader"", 1],
    [2, ""Sawyer"", 2],
    [3, ""Dryer"", 3],
    [4, ""Inspector"", 3],
    [5, ""Joiner"", 5],
    [6, ""Framer"", 6],
    [7, ""Insulator"", 7],
    [8, ""Glazier"", 8],
    [9, ""Roofer"", 9],
    [10, ""Tester"", 9],
    [11, ""Plumber"", 11],
    [12, ""Electrician"", 12],
    [13, ""Auditor"", 12],
    [14, ""Plasterer"", 14],
    [15, ""Inspector"", 14],
    [16, ""Painter"", 16],
    [17, ""Tester"", 16],
    [18, ""Wrapper"", 18],
    [19, ""Haulier"", 19],
    [20, ""Groundworker"", 20],
    [21, ""Leader"", 21]
  ]
}
```"
complex,C17,house,18,21,2,quick,2.61,1,1,1.000,0,"","```json
{
  ""contract_name"": ""Prefabricated_Timber_House"",
  ""version"": ""Solidity ^0.4.22"",
  ""roles"": [""leader"", ""sawyer"", ""dryer"", ""inspector"", ""joiner"", ""framer"", ""insulator"", ""glazier"", ""roofer"", ""tester"", ""plumber"", ""electrician"", ""auditor"", ""plasterer"", ""painter"", ""wrapper"", ""haulier"", ""groundworker""],
  ""node_matrix"": [
    [1, ""leader"", 1],
    [2, ""sawyer"", 2],
    [3, ""dryer"", 3],
    [4, ""inspector"", 3],
    [5, ""joiner"", 5],
    [6, ""framer"", 6],
    [7, ""insulator"", 7],
    [8, ""glazier"", 8],
    [9, ""roofer"", 9],
    [10, ""tester"", 9],
    [11, ""plumber"", 11],
    [12, ""electrician"", 12],
    [13, ""auditor"", 12],
    [14, ""plasterer"", 14],
    [15, ""inspector"", 14],
    [16, ""painter"", 16],
    [17, ""tester"", 16],
    [18, ""wrapper"", 18],
    [19, ""haulier"", 19],
    [20, ""groundworker"", 20],
    [21, ""leader"", 21]
  ]
}
```"
complex,C17,house,18,21,3,quick,2.88,1,1,1.000,0,"","```json
{
  ""contract_name"": ""Prefabricated_Timber_House"",
  ""version"": ""Solidity ^0.4.22"",
  ""roles"": [""Leader"", ""Sawyer"", ""Dryer"", ""Inspector"", ""Joiner"", ""Framer"", ""Insulator"", ""Glazier"", ""Roofer"", ""Tester"", ""Plumber"", ""Electrician"", ""Auditor"", ""Plasterer"", ""Painter"", ""Wrapper"", ""Haulier"", ""Groundworker""],
  ""node_matrix"": [
    [1, ""Leader"", 1],
    [2, ""Sawyer"", 2],
    [3, ""Dryer"", 3],
    [4, ""Inspector"", 3],
    [5, ""Joiner"", 5],
    [6, ""Framer"", 6],
    [7, ""Insulator"", 7],
    [8, ""Glazier"", 8],
    [9, ""Roofer"", 9],
    [10, ""Tester"", 9],
    [11, ""Plumber"", 11],
    [12, ""Electrician"", 12],
    [13, ""Auditor"", 12],
    [14, ""Plasterer"", 14],
    [15, ""Inspector"", 14],
    [16, ""Painter"", 16],
    [17, ""Tester"", 16],
    [18, ""Wrapper"", 18],
    [19, ""Haulier"", 19],
    [20, ""Groundworker"", 20],
    [21, ""Leader"", 21]
  ]
}
```"
complex,C18,chocolate,19,23,1,quick,2.97,1,0,0.913,0,"wrong rollback at node 6,7","```json
{
  ""contract_name"": ""Single_Origin_Chocolate_Factory"",
  ""version"": ""Solidity ^0.4.22"",
  ""roles"": [""Leader"", ""Roaster"", ""Inspector"", ""Winnower"", ""Grinder"", ""Refiner"", ""Auditor"", ""Concher"", ""Temperer"", ""Moulder"", ""Designer"", ""Printer"", ""Wrapper"", ""Labeler"", ""Tester"", ""Packer"", ""Forwarder"", ""Distributor"", ""Marketer""],
  ""node_matrix"": [
    [1, ""Leader"", 1],
    [2, ""Roaster"", 2],
    [3, ""Inspector"", 2],
    [4, ""Winnower"", 4],
    [5, ""Grinder"", 5],
    [6, ""Refiner"", 6],
    [7, ""Refiner"", 6],
    [8, ""Auditor"", 7],
    [9, ""Concher"", 9],
    [10, ""Temperer"", 10],
    [11, ""Moulder"", 11],
    [12, ""Designer"", 12],
    [13, ""Leader"", 12],
    [14, ""Printer"", 14],
    [15, ""Wrapper"", 15],
    [16, ""Labeler"", 16],
    [17, ""Tester"", 14],
    [18, ""Packer"", 18],
    [19, ""Forwarder"", 19],
    [20, ""Distributor"", 20],
    [21, ""Inspector"", 20],
    [22, ""Marketer"", 22],
    [23, ""Leader"", 23]
  ]
}
```"
complex,C18,chocolate,19,23,2,quick,2.87,1,0,0.913,0,"wrong rollback at node 6,7","```json
{
  ""contract_name"": ""Single_Origin_Chocolate_Factory"",
  ""version"": ""Solidity ^0.4.22"",
  ""roles"": [""Leader"", ""Roaster"", ""Inspector"", ""Winnower"", ""Grinder"", ""Refiner"", ""Auditor"", ""Concher"", ""Temperer"", ""Moulder"", ""Designer"", ""Printer"", ""Wrapper"", ""Labeler"", ""Tester"", ""Packer"", ""Forwarder"", ""Distributor"", ""Marketer""],
  ""node_matrix"": [
    [1, ""Leader"", 1],
    [2, ""Roaster"", 2],
    [3, ""Inspector"", 2],
    [4, ""Winnower"", 4],
    [5, ""Grinder"", 5],
    [6, ""Refiner"", 6],
    [7, ""Refiner"", 6],
    [8, ""Auditor"", 7],
    [9, ""Concher"", 9],
    [10, ""Temperer"", 10],
    [11, ""Moulder"", 11],
    [12, ""Designer"", 12],
    [13, ""Leader"", 12],
    [14, ""Printer"", 14],
    [15, ""Wrapper"", 15],
    [16, ""Labeler"", 16],
    [17, ""Tester"", 14],
    [18, ""Packer"", 18],
    [19, ""Forwarder"", 19],
    [20, ""Distributor"", 20],
    [21, ""Inspector"", 20],
    [22, ""Marketer"", 22],
    [23, ""Leader"", 23]
  ]
}
```"
complex,C18,chocolate,19,23,3,quick,2.91,1,0,0.000,0,"wrong number of nodes (22 vs 23)","```json
{
  ""contract_name"": ""Single_Origin_Chocolate_Factory"",
  ""version"": ""Solidity ^0.4.22"",
  ""roles"": [""Leader"", ""Roaster"", ""Inspector"", ""Winnower"", ""Grinder"", ""Refiner"", ""Auditor"", ""Concher"", ""Temperer"", ""Moulder"", ""Designer"", ""Printer"", ""Wrapper"", ""Labeler"", ""Tester"", ""Packer"", ""Forwarder"", ""Distributor"", ""Marketer""],
  ""node_matrix"": [
    [1, ""Roaster"", 1],
    [2, ""Inspector"", 1],
    [3, ""Winnower"", 3],
    [4, ""Grinder"", 4],
    [5, ""Refiner"", 4],
    [6, ""Refiner"", 6],
    [7, ""Auditor"", 6],
    [8, ""Concher"", 8],
    [9, ""Temperer"", 9],
    [10, ""Moulder"", 10],
    [11, ""Designer"", 11],
    [12, ""Leader"", 11],
    [13, ""Printer"", 13],
    [14, ""Wrapper"", 14],
    [15, ""Labeler"", 15],
    [16, ""Tester"", 13],
    [17, ""Packer"", 17],
    [18, ""Forwarder"", 18],
    [19, ""Distributor"", 19],
    [20, ""Inspector"", 19],
    [21, ""Marketer"", 21],
    [22, ""Leader"", 22]
  ]
}
```"
complex,C19,phone,19,22,1,quick,2.69,1,1,1.000,0,"","```json
{
  ""contract_name"": ""Smartphone_Manufacturing"",
  ""version"": ""Solidity ^0.4.22"",
  ""roles"": [""Leader"", ""foundry"", ""packager"", ""fabricator"", ""mounter"", ""glassmaker"", ""laminator"", ""tester"", ""caster"", ""anodizer"", ""vendor"", ""auditor"", ""assembler"", ""programmer"", ""calibrator"", ""sealer"", ""engraver"", ""inspector"", ""printer""],
  ""node_matrix"": [
    [1, ""Leader"", 1],
    [2, ""foundry"", 2],
    [3, ""packager"", 3],
    [4, ""fabricator"", 4],
    [5, ""mounter"", 5],
    [6, ""glassmaker"", 6],
    [7, ""laminator"", 7],
    [8, ""tester"", 7],
    [9, ""caster"", 9],
    [10, ""anodizer"", 9],
    [11, ""anodizer"", 11],
    [12, ""vendor"", 12],
    [13, ""auditor"", 12],
    [14, ""assembler"", 14],
    [15, ""programmer"", 15],
    [16, ""calibrator"", 16],
    [17, ""sealer"", 17],
    [18, ""engraver"", 17],
    [19, ""engraver"", 19],
    [20, ""inspector"", 19],
    [21, ""printer"", 21],
    [22, ""Leader"", 22]
  ]
}
```"
complex,C19,phone,19,22,2,quick,2.52,1,0,0.455,0,"wrong number of nodes (20 vs 22)","```json
{
  ""contract_name"": ""Smartphone_Manufacturing"",
  ""version"": ""Solidity ^0.4.22"",
  ""roles"": [""Leader"", ""foundry"", ""packager"", ""fabricator"", ""mounter"", ""glassmaker"", ""laminator"", ""tester"", ""caster"", ""anodizer"", ""vendor"", ""auditor"", ""assembler"", ""programmer"", ""calibrator"", ""sealer"", ""engraver"", ""inspector"", ""printer""],
  ""node_matrix"": [
    [1, ""Leader"", 1],
    [2, ""foundry"", 2],
    [3, ""packager"", 3],
    [4, ""fabricator"", 4],
    [5, ""mounter"", 5],
    [6, ""glassmaker"", 6],
    [7, ""laminator"", 7],
    [8, ""tester"", 7],
    [9, ""caster"", 9],
    [10, ""anodizer"", 9],
    [11, ""vendor"", 11],
    [12, ""auditor"", 11],
    [13, ""assembler"", 13],
    [14, ""programmer"", 14],
    [15, ""calibrator"", 15],
    [16, ""sealer"", 16],
    [17, ""engraver"", 16],
    [18, ""inspector"", 17],
    [19, ""printer"", 19],
    [20, ""Leader"", 20]
  ]
}
```"
complex,C19,phone,19,22,3,quick,2.95,1,0,0.455,0,"wrong number of nodes (20 vs 22)","```json
{
  ""contract_name"": ""Smartphone_Manufacturing"",
  ""version"": ""Solidity ^0.4.22"",
  ""roles"": [""leader"", ""foundry"", ""packager"", ""fabricator"", ""mounter"", ""glassmaker"", ""laminator"", ""tester"", ""caster"", ""anodizer"", ""vendor"", ""auditor"", ""assembler"", ""programmer"", ""calibrator"", ""sealer"", ""engraver"", ""inspector"", ""printer""],
  ""node_matrix"": [
    [1, ""leader"", 1],
    [2, ""foundry"", 2],
    [3, ""packager"", 3],
    [4, ""fabricator"", 4],
    [5, ""mounter"", 5],
    [6, ""glassmaker"", 6],
    [7, ""laminator"", 7],
    [8, ""tester"", 7],
    [9, ""caster"", 9],
    [10, ""anodizer"", 9],
    [11, ""vendor"", 11],
    [12, ""auditor"", 11],
    [13, ""assembler"", 13],
    [14, ""programmer"", 14],
    [15, ""calibrator"", 15],
    [16, ""sealer"", 16],
    [17, ""engraver"", 16],
    [18, ""inspector"", 17],
    [19, ""printer"", 19],
    [20, ""leader"", 20]
  ]
}
```"
complex,C20,denim,20,24,1,quick,3.22,1,1,1.000,0,"","```json
{
  ""contract_name"": ""Denim_Jeans_Factory"",
  ""version"": ""Solidity ^0.4.22"",
  ""roles"": [""Leader"", ""Grower"", ""Inspector"", ""Spinner"", ""Dyer"", ""Weaver"", ""Finisher"", ""Cutter"", ""Tester"", ""Embroiderer"", ""Auditor"", ""Sewer"", ""Riveter"", ""Washer"", ""Distresser"", ""Presser"", ""Tagger"", ""Folder"", ""Packer"", ""Photographer""],
  ""node_matrix"": [
    [1, ""Leader"", 1],
    [2, ""Grower"", 2],
    [3, ""Inspector"", 2],
    [4, ""Spinner"", 4],
    [5, ""Dyer"", 5],
    [6, ""Weaver"", 6],
    [7, ""Finisher"", 6],
    [8, ""Finisher"", 8],
    [9, ""Cutter"", 9],
    [10, ""Tester"", 9],
    [11, ""Embroiderer"", 11],
    [12, ""Auditor"", 11],
    [13, ""Sewer"", 13],
    [14, ""Riveter"", 14],
    [15, ""Washer"", 15],
    [16, ""Distresser"", 16],
    [17, ""Presser"", 17],
    [18, ""Tagger"", 18],
    [19, ""Folder"", 19],
    [20, ""Inspector"", 18],
    [21, ""Packer"", 21],
    [22, ""Tester"", 21],
    [23, ""Photographer"", 23],
    [24, ""Leader"", 24]
  ]
}
```"
complex,C20,denim,20,24,2,quick,3.20,1,1,1.000,0,"","```json
{
  ""contract_name"": ""Denim_Jeans_Factory"",
  ""version"": ""Solidity ^0.4.22"",
  ""roles"": [""Leader"", ""Grower"", ""Inspector"", ""Spinner"", ""Dyer"", ""Weaver"", ""Finisher"", ""Cutter"", ""Tester"", ""Embroiderer"", ""Auditor"", ""Sewer"", ""Riveter"", ""Washer"", ""Distresser"", ""Presser"", ""Tagger"", ""Folder"", ""Packer"", ""Photographer""],
  ""node_matrix"": [
    [1, ""Leader"", 1],
    [2, ""Grower"", 2],
    [3, ""Inspector"", 2],
    [4, ""Spinner"", 4],
    [5, ""Dyer"", 5],
    [6, ""Weaver"", 6],
    [7, ""Finisher"", 6],
    [8, ""Finisher"", 8],
    [9, ""Cutter"", 9],
    [10, ""Tester"", 9],
    [11, ""Embroiderer"", 11],
    [12, ""Auditor"", 11],
    [13, ""Sewer"", 13],
    [14, ""Riveter"", 14],
    [15, ""Washer"", 15],
    [16, ""Distresser"", 16],
    [17, ""Presser"", 17],
    [18, ""Tagger"", 18],
    [19, ""Folder"", 19],
    [20, ""Inspector"", 18],
    [21, ""Packer"", 21],
    [22, ""Tester"", 21],
    [23, ""Photographer"", 23],
    [24, ""Leader"", 24]
  ]
}
```"
complex,C20,denim,20,24,3,quick,3.29,1,1,1.000,0,"","```json
{
  ""contract_name"": ""Denim_Jeans_Production"",
  ""version"": ""Solidity ^0.4.22"",
  ""roles"": [""Leader"", ""Grower"", ""Inspector"", ""Spinner"", ""Dyer"", ""Weaver"", ""Finisher"", ""Cutter"", ""Tester"", ""Embroiderer"", ""Auditor"", ""Sewer"", ""Riveter"", ""Washer"", ""Distresser"", ""Presser"", ""Tagger"", ""Folder"", ""Packer"", ""Photographer""],
  ""node_matrix"": [
    [1, ""Leader"", 1],
    [2, ""Grower"", 2],
    [3, ""Inspector"", 2],
    [4, ""Spinner"", 4],
    [5, ""Dyer"", 5],
    [6, ""Weaver"", 6],
    [7, ""Finisher"", 6],
    [8, ""Finisher"", 8],
    [9, ""Cutter"", 9],
    [10, ""Tester"", 9],
    [11, ""Embroiderer"", 11],
    [12, ""Auditor"", 11],
    [13, ""Sewer"", 13],
    [14, ""Riveter"", 14],
    [15, ""Washer"", 15],
    [16, ""Distresser"", 16],
    [17, ""Presser"", 17],
    [18, ""Tagger"", 18],
    [19, ""Folder"", 19],
    [20, ""Inspector"", 18],
    [21, ""Packer"", 21],
    [22, ""Tester"", 21],
    [23, ""Photographer"", 23],
    [24, ""Leader"", 24]
  ]
}
```"