id,domain,run,tier,latency_s,schema_valid,exact_match,rollback_acc,hallucination,reason,reply
B01,apparel,1,default,2.27,1,1,1.000,0,"","{""contract_name"": ""Printed_TShirt_Factory"", ""version"": ""Solidity ^0.4.22"", ""roles"": [""Leader"", ""Designer"", ""Printer"", ""Seller""], ""node_matrix"": [[1, ""Leader"", 1], [2, ""Designer"", 2], [3, ""Printer"", 3], [4, ""Seller"", 3], [5, ""Seller"", 5], [6, ""Leader"", 6]]}"
B01,apparel,2,default,3.02,1,1,1.000,0,"","{""contract_name"": ""Printed_TShirt_Factory"", ""version"": ""Solidity ^0.4.22"", ""roles"": [""Leader"", ""Designer"", ""Printer"", ""Seller""], ""node_matrix"": [[1, ""Leader"", 1], [2, ""Designer"", 2], [3, ""Printer"", 3], [4, ""Seller"", 3], [5, ""Seller"", 5], [6, ""Leader"", 6]]}"
B01,apparel,3,default,2.43,1,1,1.000,0,"","{""contract_name"": ""Printed_TShirt_Factory"", ""version"": ""Solidity ^0.4.22"", ""roles"": [""Leader"", ""Designer"", ""Printer"", ""Seller""], ""node_matrix"": [[1, ""Leader"", 1], [2, ""Designer"", 2], [3, ""Printer"", 3], [4, ""Seller"", 3], [5, ""Seller"", 5], [6, ""Leader"", 6]]}"
B02,furniture,1,default,4.82,1,1,1.000,0,"","{""contract_name"": ""Custom_Oak_Table"", ""version"": ""Solidity ^0.4.22"", ""roles"": [""Leader"", ""Designer"", ""Supplier"", ""Carpenter"", ""Painter"", ""Inspector""], ""node_matrix"": [[1, ""Leader"", 1], [2, ""Designer"", 2], [3, ""Leader"", 2], [4, ""Supplier"", 4], [5, ""Carpenter"", 4], [6, ""Carpenter"", 6], [7, ""Painter"", 7], [8, ""Inspector"", 7], [9, ""Leader"", 9]]}"
B02,furniture,2,default,5.02,1,1,1.000,0,"","{""contract_name"": ""Custom_Oak_Table_Factory"", ""version"": ""Solidity ^0.4.22"", ""roles"": [""Leader"", ""Designer"", ""Supplier"", ""Carpenter"", ""Painter"", ""Inspector""], ""node_matrix"": [[1, ""Leader"", 1], [2, ""Designer"", 2], [3, ""Leader"", 2], [4, ""Supplier"", 4], [5, ""Carpenter"", 4], [6, ""Carpenter"", 6], [7, ""Painter"", 7], [8, ""Inspector"", 7], [9, ""Leader"", 9]]}"
B02,furniture,3,default,5.46,1,1,1.000,0,"","{""contract_name"": ""Custom_Oak_Table_Factory"", ""version"": ""Solidity ^0.4.22"", ""roles"": [""Leader"", ""Designer"", ""Supplier"", ""Carpenter"", ""Painter"", ""Inspector""], ""node_matrix"": [[1, ""Leader"", 1], [2, ""Designer"", 2], [3, ""Leader"", 2], [4, ""Supplier"", 4], [5, ""Carpenter"", 4], [6, ""Carpenter"", 6], [7, ""Painter"", 7], [8, ""Inspector"", 7], [9, ""Leader"", 9]]}"
B03,electronics,1,default,3.25,1,1,1.000,0,"","{""contract_name"": ""Sensor_Module_Factory"", ""version"": ""Solidity ^0.4.22"", ""roles"": [""Leader"", ""Supplier"", ""Assembler"", ""Tester"", ""Packer""], ""node_matrix"": [[1, ""Leader"", 1], [2, ""Supplier"", 2], [3, ""Assembler"", 3], [4, ""Tester"", 3], [5, ""Packer"", 5], [6, ""Leader"", 6]]}"
B03,electronics,2,default,3.19,1,1,1.000,0,"","{""contract_name"": ""Sensor_Module_Factory"", ""version"": ""Solidity ^0.4.22"", ""roles"": [""Leader"", ""Supplier"", ""Assembler"", ""Tester"", ""Packer""], ""node_matrix"": [[1, ""Leader"", 1], [2, ""Supplier"", 2], [3, ""Assembler"", 3], [4, ""Tester"", 3], [5, ""Packer"", 5], [6, ""Leader"", 6]]}"
B03,electronics,3,default,3.49,1,1,1.000,0,"","{""contract_name"": ""Sensor_Module_Factory"", ""version"": ""Solidity ^0.4.22"", ""roles"": [""Leader"", ""Supplier"", ""Assembler"", ""Tester"", ""Packer""], ""node_matrix"": [[1, ""Leader"", 1], [2, ""Supplier"", 2], [3, ""Assembler"", 3], [4, ""Tester"", 3], [5, ""Packer"", 5], [6, ""Leader"", 6]]}"
B04,ceramics,1,default,4.53,1,0,0.000,0,"wrong number of nodes (7 vs 8)","{""contract_name"": ""Virtual_Ceramic_Cup_Factory"", ""version"": ""Solidity ^0.4.22"", ""roles"": [""Leader"", ""Designer"", ""Factory"", ""Printer"", ""Seller""], ""node_matrix"": [[1, ""Designer"", 1], [2, ""Leader"", 1], [3, ""Factory"", 3], [4, ""Printer"", 4], [5, ""Seller"", 4], [6, ""Seller"", 6], [7, ""Leader"", 7]]}"
B04,ceramics,2,default,3.96,1,1,1.000,0,"","{""contract_name"": ""Virtual_Ceramic_Cup_Factory"", ""version"": ""Solidity ^0.4.22"", ""roles"": [""Leader"", ""Designer"", ""Factory"", ""Printer"", ""Seller""], ""node_matrix"": [[1, ""Leader"", 1], [2, ""Designer"", 2], [3, ""Leader"", 2], [4, ""Factory"", 4], [5, ""Printer"", 5], [6, ""Seller"", 5], [7, ""Seller"", 7], [8, ""Leader"", 8]]}"
B04,ceramics,3,default,4.06,1,1,1.000,0,"","{""contract_name"": ""Virtual_Ceramic_Cup_Factory"", ""version"": ""Solidity ^0.4.22"", ""roles"": [""Leader"", ""Designer"", ""Factory"", ""Printer"", ""Seller""], ""node_matrix"": [[1, ""Leader"", 1], [2, ""Designer"", 2], [3, ""Leader"", 2], [4, ""Factory"", 4], [5, ""Printer"", 5], [6, ""Seller"", 5], [7, ""Seller"", 7], [8, ""Leader"", 8]]}"
B05,licensed goods,1,default,3.85,1,1,1.000,0,"","{""contract_name"": ""Anime_Umbrella_Licensing_Factory"", ""version"": ""Solidity ^0.4.22"", ""roles"": [""Leader"", ""Designer"", ""Licensor"", ""Factory"", ""Seller""], ""node_matrix"": [[1, ""Leader"", 1], [2, ""Designer"", 2], [3, ""Licensor"", 2], [4, ""Factory"", 4], [5, ""Seller"", 4], [6, ""Seller"", 6], [7, ""Licensor"", 7], [8, ""Leader"", 8]]}"
B05,licensed goods,2,default,4.23,1,1,1.000,0,"","{""contract_name"": ""Anime_Umbrella_Licensing_Factory"", ""version"": ""Solidity ^0.4.22"", ""roles"": [""Leader"", ""Designer"", ""Licensor"", ""Factory"", ""Seller""], ""node_matrix"": [[1, ""Leader"", 1], [2, ""Designer"", 2], [3, ""Licensor"", 2], [4, ""Factory"", 4], [5, ""Seller"", 4], [6, ""Seller"", 6], [7, ""Licensor"", 7], [8, ""Leader"", 8]]}"
B05,licensed goods,3,default,3.83,1,1,1.000,0,"","{""contract_name"": ""Anime_Umbrella_Factory"", ""version"": ""Solidity ^0.4.22"", ""roles"": [""Leader"", ""Designer"", ""Licensor"", ""Factory"", ""Seller""], ""node_matrix"": [[1, ""Leader"", 1], [2, ""Designer"", 2], [3, ""Licensor"", 2], [4, ""Factory"", 4], [5, ""Seller"", 4], [6, ""Seller"", 6], [7, ""Licensor"", 7], [8, ""Leader"", 8]]}"
B06,toys,1,default,2.13,1,1,1.000,0,"","{""contract_name"": ""Wooden_Toys_Factory"", ""version"": ""Solidity ^0.4.22"", ""roles"": [""Leader"", ""Factory"", ""Tester""], ""node_matrix"": [[1, ""Leader"", 1], [2, ""Factory"", 2], [3, ""Tester"", 2], [4, ""Leader"", 4]]}"
B06,toys,2,default,2.10,1,1,1.000,0,"","{""contract_name"": ""Virtual_Wooden_Toys_Factory"", ""version"": ""Solidity ^0.4.22"", ""roles"": [""Leader"", ""Factory"", ""Tester""], ""node_matrix"": [[1, ""Leader"", 1], [2, ""Factory"", 2], [3, ""Tester"", 2], [4, ""Leader"", 4]]}"
B06,toys,3,default,2.42,1,1,1.000,0,"","{""contract_name"": ""Virtual_Wooden_Toys_Factory"", ""version"": ""Solidity ^0.4.22"", ""roles"": [""Leader"", ""Factory"", ""Tester""], ""node_matrix"": [[1, ""Leader"", 1], [2, ""Factory"", 2], [3, ""Tester"", 2], [4, ""Leader"", 4]]}"
B07,footwear,1,default,5.08,1,1,1.000,0,"","{""contract_name"": ""Limited_Edition_Sneakers"", ""version"": ""Solidity ^0.4.22"", ""roles"": [""Leader"", ""Designer"", ""Supplier"", ""Factory"", ""Inspector"", ""Courier"", ""Seller""], ""node_matrix"": [[1, ""Leader"", 1], [2, ""Designer"", 2], [3, ""Leader"", 2], [4, ""Supplier"", 4], [5, ""Factory"", 5], [6, ""Inspector"", 5], [7, ""Courier"", 7], [8, ""Seller"", 7], [9, ""Leader"", 9]]}"
B07,footwear,2,default,4.80,1,1,1.000,0,"","{""contract_name"": ""Limited_Edition_Sneakers_Factory"", ""version"": ""Solidity ^0.4.22"", ""roles"": [""Leader"", ""Designer"", ""Supplier"", ""Factory"", ""Inspector"", ""Courier"", ""Seller""], ""node_matrix"": [[1, ""Leader"", 1], [2, ""Designer"", 2], [3, ""Leader"", 2], [4, ""Supplier"", 4], [5, ""Factory"", 5], [6, ""Inspector"", 5], [7, ""Courier"", 7], [8, ""Seller"", 7], [9, ""Leader"", 9]]}"
B07,footwear,3,default,4.88,1,1,1.000,0,"","{""contract_name"": ""Limited_Edition_Sneakers"", ""version"": ""Solidity ^0.4.22"", ""roles"": [""Leader"", ""Designer"", ""Supplier"", ""Factory"", ""Inspector"", ""Courier"", ""Seller""], ""node_matrix"": [[1, ""Leader"", 1], [2, ""Designer"", 2], [3, ""Leader"", 2], [4, ""Supplier"", 4], [5, ""Factory"", 5], [6, ""Inspector"", 5], [7, ""Courier"", 7], [8, ""Seller"", 7], [9, ""Leader"", 9]]}"
B08,bicycles,1,default,2.21,1,1,1.000,0,"","{""contract_name"": ""Custom_Bicycle_Factory"", ""version"": ""Solidity ^0.4.22"", ""roles"": [""Leader"", ""Welder"", ""Painter"", ""Assembler"", ""Tester"", ""Seller""], ""node_matrix"": [[1, ""Leader"", 1], [2, ""Welder"", 2], [3, ""Painter"", 3], [4, ""Assembler"", 4], [5, ""Tester"", 4], [6, ""Seller"", 6], [7, ""Leader"", 7]]}"
B08,bicycles,2,default,4.79,1,1,1.000,0,"","{""contract_name"": ""Custom_Bicycle_Factory"", ""version"": ""Solidity ^0.4.22"", ""roles"": [""Leader"", ""Welder"", ""Painter"", ""Assembler"", ""Tester"", ""Seller""], ""node_matrix"": [[1, ""Leader"", 1], [2, ""Welder"", 2], [3, ""Painter"", 3], [4, ""Assembler"", 4], [5, ""Tester"", 4], [6, ""Seller"", 6], [7, ""Leader"", 7]]}"
B08,bicycles,3,default,2.59,1,1,1.000,0,"","{""contract_name"": ""Custom_Bicycle_Factory"", ""version"": ""Solidity ^0.4.22"", ""roles"": [""Leader"", ""Welder"", ""Painter"", ""Assembler"", ""Tester"", ""Seller""], ""node_matrix"": [[1, ""Leader"", 1], [2, ""Welder"", 2], [3, ""Painter"", 3], [4, ""Assembler"", 4], [5, ""Tester"", 4], [6, ""Seller"", 6], [7, ""Leader"", 7]]}"
B09,accessories,1,default,2.34,1,1,1.000,0,"","{""contract_name"": ""Printed_Phone_Cases"", ""version"": ""Solidity ^0.4.22"", ""roles"": [""Leader"", ""Designer"", ""Printer"", ""Seller""], ""node_matrix"": [[1, ""Leader"", 1], [2, ""Designer"", 2], [3, ""Leader"", 2], [4, ""Printer"", 4], [5, ""Seller"", 4], [6, ""Seller"", 6], [7, ""Leader"", 7]]}"
B09,accessories,2,default,2.26,1,1,1.000,0,"","{""contract_name"": ""Printed_Phone_Case_Factory"", ""version"": ""Solidity ^0.4.22"", ""roles"": [""Leader"", ""Designer"", ""Printer"", ""Seller""], ""node_matrix"": [[1, ""Leader"", 1], [2, ""Designer"", 2], [3, ""Leader"", 2], [4, ""Printer"", 4], [5, ""Seller"", 4], [6, ""Seller"", 6], [7, ""Leader"", 7]]}"
B09,accessories,3,default,2.66,1,1,1.000,0,"","{""contract_name"": ""Printed_Phone_Case_Factory"", ""version"": ""Solidity ^0.4.22"", ""roles"": [""Leader"", ""Designer"", ""Printer"", ""Seller""], ""node_matrix"": [[1, ""Leader"", 1], [2, ""Designer"", 2], [3, ""Leader"", 2], [4, ""Printer"", 4], [5, ""Seller"", 4], [6, ""Seller"", 6], [7, ""Leader"", 7]]}"
B10,food,1,default,2.28,1,1,1.000,0,"","{""contract_name"": ""Specialty_Coffee_Lot"", ""version"": ""Solidity ^0.4.22"", ""roles"": [""Leader"", ""Farmer"", ""Roaster"", ""Taster"", ""Packer"", ""Seller""], ""node_matrix"": [[1, ""Leader"", 1], [2, ""Farmer"", 2], [3, ""Roaster"", 3], [4, ""Taster"", 3], [5, ""Packer"", 5], [6, ""Seller"", 6], [7, ""Leader"", 7]]}"
B10,food,2,default,2.64,1,1,1.000,0,"","{""contract_name"": ""Specialty_Coffee_Lot"", ""version"": ""Solidity ^0.4.22"", ""roles"": [""Leader"", ""Farmer"", ""Roaster"", ""Taster"", ""Packer"", ""Seller""], ""node_matrix"": [[1, ""Leader"", 1], [2, ""Farmer"", 2], [3, ""Roaster"", 3], [4, ""Taster"", 3], [5, ""Packer"", 5], [6, ""Seller"", 6], [7, ""Leader"", 7]]}"
B10,food,3,default,2.50,1,1,1.000,0,"","{""contract_name"": ""Specialty_Coffee_Lot"", ""version"": ""Solidity ^0.4.22"", ""roles"": [""Leader"", ""Farmer"", ""Roaster"", ""Taster"", ""Packer"", ""Seller""], ""node_matrix"": [[1, ""Leader"", 1], [2, ""Farmer"", 2], [3, ""Roaster"", 3], [4, ""Taster"", 3], [5, ""Packer"", 5], [6, ""Seller"", 6], [7, ""Leader"", 7]]}"
B11,publishing,1,default,3.89,1,0,0.000,0,"wrong number of nodes (7 vs 8)","{""contract_name"": ""Virtual_Book_Printing_Factory"", ""version"": ""Solidity ^0.4.22"", ""roles"": [""Leader"", ""Author"", ""Editor"", ""Printer"", ""Binder"", ""Distributor""], ""node_matrix"": [[1, ""Author"", 1], [2, ""Editor"", 2], [3, ""Author"", 2], [4, ""Printer"", 4], [5, ""Binder"", 5], [6, ""Distributor"", 6], [7, ""Leader"", 7]]}"
B11,publishing,2,default,3.94,1,0,0.875,0,"wrong rollback at node 2","{""contract_name"": ""Virtual_Book_Printing_Factory"", ""version"": ""Solidity ^0.4.22"", ""roles"": [""Leader"", ""Author"", ""Editor"", ""Printer"", ""Binder"", ""Distributor""], ""node_matrix"": [[1, ""Leader"", 1], [2, ""Author"", 1], [3, ""Editor"", 3], [4, ""Author"", 3], [5, ""Printer"", 5], [6, ""Binder"", 6], [7, ""Distributor"", 7], [8, ""Leader"", 8]]}"
B11,publishing,3,default,3.42,1,0,0.000,0,"wrong number of nodes (7 vs 8)","{""contract_name"": ""Book_Printing_Factory"", ""version"": ""Solidity ^0.4.22"", ""roles"": [""Leader"", ""Author"", ""Editor"", ""Printer"", ""Binder"", ""Distributor""], ""node_matrix"": [[1, ""Author"", 1], [2, ""Editor"", 2], [3, ""Author"", 2], [4, ""Printer"", 4], [5, ""Binder"", 5], [6, ""Distributor"", 6], [7, ""Leader"", 7]]}"
B12,jewelry,1,default,2.74,1,1,1.000,0,"","{""contract_name"": ""Custom_Ring_Factory"", ""version"": ""Solidity ^0.4.22"", ""roles"": [""Leader"", ""Designer"", ""Jeweler"", ""Appraiser"", ""Seller""], ""node_matrix"": [[1, ""Leader"", 1], [2, ""Designer"", 2], [3, ""Leader"", 2], [4, ""Jeweler"", 4], [5, ""Appraiser"", 4], [6, ""Seller"", 6], [7, ""Leader"", 7]]}"
B12,jewelry,2,default,2.63,1,1,1.000,0,"","{""contract_name"": ""Custom_Ring_Factory"", ""version"": ""Solidity ^0.4.22"", ""roles"": [""Leader"", ""Designer"", ""Jeweler"", ""Appraiser"", ""Seller""], ""node_matrix"": [[1, ""Leader"", 1], [2, ""Designer"", 2], [3, ""Leader"", 2], [4, ""Jeweler"", 4], [5, ""Appraiser"", 4], [6, ""Seller"", 6], [7, ""Leader"", 7]]}"
B12,jewelry,3,default,2.43,1,1,1.000,0,"","{""contract_name"": ""Custom_Ring_Factory"", ""version"": ""Solidity ^0.4.22"", ""roles"": [""Leader"", ""Designer"", ""Jeweler"", ""Appraiser"", ""Seller""], ""node_matrix"": [[1, ""Leader"", 1], [2, ""Designer"", 2], [3, ""Leader"", 2], [4, ""Jeweler"", 4], [5, ""Appraiser"", 4], [6, ""Seller"", 6], [7, ""Leader"", 7]]}"
B13,drones,1,default,4.69,1,1,1.000,0,"","{""contract_name"": ""Agricultural_Drone_Factory"", ""version"": ""Solidity ^0.4.22"", ""roles"": [""Leader"", ""Designer"", ""Supplier"", ""Machinist"", ""Assembler"", ""Programmer"", ""Tester"", ""Seller""], ""node_matrix"": [[1, ""Leader"", 1], [2, ""Designer"", 2], [3, ""Leader"", 2], [4, ""Supplier"", 4], [5, ""Machinist"", 5], [6, ""Assembler"", 6], [7, ""Programmer"", 7], [8, ""Tester"", 7], [9, ""Seller"", 9], [10, ""Leader"", 10]]}"
B13,drones,2,default,5.28,1,1,1.000,0,"","{""contract_name"": ""Agricultural_Drone_Factory"", ""version"": ""Solidity ^0.4.22"", ""roles"": [""Leader"", ""Designer"", ""Supplier"", ""Machinist"", ""Assembler"", ""Programmer"", ""Tester"", ""Seller""], ""node_matrix"": [[1, ""Leader"", 1], [2, ""Designer"", 2], [3, ""Leader"", 2], [4, ""Supplier"", 4], [5, ""Machinist"", 5], [6, ""Assembler"", 6], [7, ""Programmer"", 7], [8, ""Tester"", 7], [9, ""Seller"", 9], [10, ""Leader"", 10]]}"
B13,drones,3,default,4.37,1,1,1.000,0,"","{""contract_name"": ""Virtual_Agricultural_Drone_Factory"", ""version"": ""Solidity ^0.4.22"", ""roles"": [""Leader"", ""Designer"", ""Supplier"", ""Machinist"", ""Assembler"", ""Programmer"", ""Tester"", ""Seller""], ""node_matrix"": [[1, ""Leader"", 1], [2, ""Designer"", 2], [3, ""Leader"", 2], [4, ""Supplier"", 4], [5, ""Machinist"", 5], [6, ""Assembler"", 6], [7, ""Programmer"", 7], [8, ""Tester"", 7], [9, ""Seller"", 9], [10, ""Leader"", 10]]}"
B14,cosmetics,1,default,3.96,1,1,1.000,0,"","{""contract_name"": ""Skincare_Product_Line_Factory"", ""version"": ""Solidity ^0.4.22"", ""roles"": [""Leader"", ""Designer"", ""Printer"", ""Filler"", ""Inspector"", ""Seller""], ""node_matrix"": [[1, ""Leader"", 1], [2, ""Designer"", 2], [3, ""Leader"", 2], [4, ""Printer"", 4], [5, ""Filler"", 5], [6, ""Inspector"", 5], [7, ""Seller"", 7], [8, ""Leader"", 8]]}"
B14,cosmetics,2,default,3.96,1,1,1.000,0,"","{""contract_name"": ""Skincare_Product_Factory"", ""version"": ""Solidity ^0.4.22"", ""roles"": [""Leader"", ""Designer"", ""Printer"", ""Filler"", ""Inspector"", ""Seller""], ""node_matrix"": [[1, ""Leader"", 1], [2, ""Designer"", 2], [3, ""Leader"", 2], [4, ""Printer"", 4], [5, ""Filler"", 5], [6, ""Inspector"", 5], [7, ""Seller"", 7], [8, ""Leader"", 8]]}"
B14,cosmetics,3,default,4.65,1,1,1.000,0,"","{""contract_name"": ""Skincare_Product_Factory"", ""version"": ""Solidity ^0.4.22"", ""roles"": [""Leader"", ""Designer"", ""Printer"", ""Filler"", ""Inspector"", ""Seller""], ""node_matrix"": [[1, ""Leader"", 1], [2, ""Designer"", 2], [3, ""Leader"", 2], [4, ""Printer"", 4], [5, ""Filler"", 5], [6, ""Inspector"", 5], [7, ""Seller"", 7], [8, ""Leader"", 8]]}"
B15,energy,1,default,3.97,1,1,1.000,0,"","{""contract_name"": ""Rooftop_Solar_Project"", ""version"": ""Solidity ^0.4.22"", ""roles"": [""Leader"", ""Supplier"", ""Cutter"", ""Assembler"", ""Laminator"", ""Tester"", ""Installer"", ""Inspector""], ""node_matrix"": [[1, ""Leader"", 1], [2, ""Supplier"", 2], [3, ""Cutter"", 3], [4, ""Assembler"", 4], [5, ""Laminator"", 5], [6, ""Tester"", 5], [7, ""Installer"", 7], [8, ""Inspector"", 7], [9, ""Installer"", 9], [10, ""Leader"", 10]]}"
B15,energy,2,default,4.30,1,1,1.000,0,"","{""contract_name"": ""Rooftop_Solar_Project"", ""version"": ""Solidity ^0.4.22"", ""roles"": [""Leader"", ""Supplier"", ""Cutter"", ""Assembler"", ""Laminator"", ""Tester"", ""Installer"", ""Inspector""], ""node_matrix"": [[1, ""Leader"", 1], [2, ""Supplier"", 2], [3, ""Cutter"", 3], [4, ""Assembler"", 4], [5, ""Laminator"", 5], [6, ""Tester"", 5], [7, ""Installer"", 7], [8, ""Inspector"", 7], [9, ""Installer"", 9], [10, ""Leader"", 10]]}"
B15,energy,3,default,3.71,1,1,1.000,0,"","{""contract_name"": ""Rooftop_Solar_Project"", ""version"": ""Solidity ^0.4.22"", ""roles"": [""Leader"", ""Supplier"", ""Cutter"", ""Assembler"", ""Laminator"", ""Tester"", ""Installer"", ""Inspector""], ""node_matrix"": [[1, ""Leader"", 1], [2, ""Supplier"", 2], [3, ""Cutter"", 3], [4, ""Assembler"", 4], [5, ""Laminator"", 5], [6, ""Tester"", 5], [7, ""Installer"", 7], [8, ""Inspector"", 7], [9, ""Installer"", 9], [10, ""Leader"", 10]]}"
B16,apparel,1,default,6.44,1,1,1.000,0,"","{""contract_name"": ""Embroidered_Jacket_Factory"", ""version"": ""Solidity ^0.4.22"", ""roles"": [""Leader"", ""Designer"", ""Supplier"", ""Cutter"", ""Sewer"", ""Embroiderer"", ""Inspector"", ""Courier"", ""Seller""], ""node_matrix"": [[1, ""Leader"", 1], [2, ""Designer"", 2], [3, ""Leader"", 2], [4, ""Supplier"", 4], [5, ""Cutter"", 4], [6, ""Cutter"", 6], [7, ""Sewer"", 7], [8, ""Embroiderer"", 8], [9, ""Inspector"", 7], [10, ""Courier"", 10], [11, ""Seller"", 11], [12, ""Leader"", 12]]}"
B16,apparel,2,default,6.15,1,1,1.000,0,"","{""contract_name"": ""Embroidered_Jacket_Factory"", ""version"": ""Solidity ^0.4.22"", ""roles"": [""Leader"", ""Designer"", ""Supplier"", ""Cutter"", ""Sewer"", ""Embroiderer"", ""Inspector"", ""Courier"", ""Seller""], ""node_matrix"": [[1, ""Leader"", 1], [2, ""Designer"", 2], [3, ""Leader"", 2], [4, ""Supplier"", 4], [5, ""Cutter"", 4], [6, ""Cutter"", 6], [7, ""Sewer"", 7], [8, ""Embroiderer"", 8], [9, ""Inspector"", 7], [10, ""Courier"", 10], [11, ""Seller"", 11], [12, ""Leader"", 12]]}"
B16,apparel,3,default,6.22,1,1,1.000,0,"","{""contract_name"": ""Embroidered_Jacket_Factory"", ""version"": ""Solidity ^0.4.22"", ""roles"": [""Leader"", ""Designer"", ""Supplier"", ""Cutter"", ""Sewer"", ""Embroiderer"", ""Inspector"", ""Courier"", ""Seller""], ""node_matrix"": [[1, ""Leader"", 1], [2, ""Designer"", 2], [3, ""Leader"", 2], [4, ""Supplier"", 4], [5, ""Cutter"", 4], [6, ""Cutter"", 6], [7, ""Sewer"", 7], [8, ""Embroiderer"", 8], [9, ""Inspector"", 7], [10, ""Courier"", 10], [11, ""Seller"", 11], [12, ""Leader"", 12]]}"
B17,medical supplies,1,default,2.66,1,1,1.000,0,"","{""contract_name"": ""Medical_Mask_Factory"", ""version"": ""Solidity ^0.4.22"", ""roles"": [""Leader"", ""Supplier"", ""Factory"", ""Sterilizer"", ""Inspector""], ""node_matrix"": [[1, ""Leader"", 1], [2, ""Supplier"", 2], [3, ""Factory"", 3], [4, ""Sterilizer"", 4], [5, ""Inspector"", 4], [6, ""Leader"", 6]]}"
B17,medical supplies,2,default,2.63,1,1,1.000,0,"","{""contract_name"": ""Medical_Mask_Factory"", ""version"": ""Solidity ^0.4.22"", ""roles"": [""Leader"", ""Supplier"", ""Factory"", ""Sterilizer"", ""Inspector""], ""node_matrix"": [[1, ""Leader"", 1], [2, ""Supplier"", 2], [3, ""Factory"", 3], [4, ""Sterilizer"", 4], [5, ""Inspector"", 4], [6, ""Leader"", 6]]}"
B17,medical supplies,3,default,2.35,1,1,1.000,0,"","```json
{""contract_name"": ""Medical_Mask_Factory"", ""version"": ""Solidity ^0.4.22"", ""roles"": [""Leader"", ""Supplier"", ""Factory"", ""Sterilizer"", ""Inspector""], ""node_matrix"": [[1, ""Leader"", 1], [2, ""Supplier"", 2], [3, ""Factory"", 3], [4, ""Sterilizer"", 4], [5, ""Inspector"", 4], [6, ""Leader"", 6]]}
```"
B18,additive manufacturing,1,default,2.98,1,1,1.000,0,"","{""contract_name"": ""3D_Printed_Bracket_Factory"", ""version"": ""Solidity ^0.4.22"", ""roles"": [""Leader"", ""Engineer"", ""Printer"", ""Inspector""], ""node_matrix"": [[1, ""Leader"", 1], [2, ""Engineer"", 2], [3, ""Printer"", 3], [4, ""Inspector"", 2], [5, ""Leader"", 5]]}"
B18,additive manufacturing,2,default,3.34,1,1,1.000,0,"","{""contract_name"": ""3D_Printed_Bracket_Factory"", ""version"": ""Solidity ^0.4.22"", ""roles"": [""Leader"", ""Engineer"", ""Printer"", ""Inspector""], ""node_matrix"": [[1, ""Leader"", 1], [2, ""Engineer"", 2], [3, ""Printer"", 3], [4, ""Inspector"", 2], [5, ""Leader"", 5]]}"
B18,additive manufacturing,3,default,3.13,1,1,1.000,0,"","{""contract_name"": ""3D_Printed_Bracket_Factory"", ""version"": ""Solidity ^0.4.22"", ""roles"": [""Leader"", ""Engineer"", ""Printer"", ""Inspector""], ""node_matrix"": [[1, ""Leader"", 1], [2, ""Engineer"", 2], [3, ""Printer"", 3], [4, ""Inspector"", 2], [5, ""Leader"", 5]]}"
B19,beverages,1,default,4.29,1,1,1.000,0,"","{""contract_name"": ""Private_Label_Wine"", ""version"": ""Solidity ^0.4.22"", ""roles"": [""Leader"", ""Grower"", ""Winemaker"", ""Sommelier"", ""Bottler"", ""Labeler"", ""Distributor""], ""node_matrix"": [[1, ""Leader"", 1], [2, ""Grower"", 2], [3, ""Winemaker"", 3], [4, ""Sommelier"", 3], [5, ""Bottler"", 5], [6, ""Labeler"", 6], [7, ""Distributor"", 7], [8, ""Sommelier"", 7], [9, ""Leader"", 9]]}"
B19,beverages,2,default,4.10,1,1,1.000,0,"","{""contract_name"": ""Private_Label_Wine"", ""version"": ""Solidity ^0.4.22"", ""roles"": [""Leader"", ""Grower"", ""Winemaker"", ""Sommelier"", ""Bottler"", ""Labeler"", ""Distributor""], ""node_matrix"": [[1, ""Leader"", 1], [2, ""Grower"", 2], [3, ""Winemaker"", 3], [4, ""Sommelier"", 3], [5, ""Bottler"", 5], [6, ""Labeler"", 6], [7, ""Distributor"", 7], [8, ""Sommelier"", 7], [9, ""Leader"", 9]]}"
B19,beverages,3,default,4.45,1,1,1.000,0,"","{""contract_name"": ""Private_Label_Wine"", ""version"": ""Solidity ^0.4.22"", ""roles"": [""Leader"", ""Grower"", ""Winemaker"", ""Sommelier"", ""Bottler"", ""Labeler"", ""Distributor""], ""node_matrix"": [[1, ""Leader"", 1], [2, ""Grower"", 2], [3, ""Winemaker"", 3], [4, ""Sommelier"", 3], [5, ""Bottler"", 5], [6, ""Labeler"", 6], [7, ""Distributor"", 7], [8, ""Sommelier"", 7], [9, ""Leader"", 9]]}"
B20,automotive,1,default,4.45,1,1,1.000,0,"","{""contract_name"": ""Custom_Car_Seat_Cover_Factory"", ""version"": ""Solidity ^0.4.22"", ""roles"": [""Leader"", ""Designer"", ""Supplier"", ""Cutter"", ""Sewer"", ""Inspector"", ""Packer"", ""Seller""], ""node_matrix"": [[1, ""Leader"", 1], [2, ""Designer"", 2], [3, ""Leader"", 2], [4, ""Supplier"", 4], [5, ""Cutter"", 5], [6, ""Sewer"", 6], [7, ""Inspector"", 5], [8, ""Packer"", 8], [9, ""Seller"", 8], [10, ""Seller"", 10], [11, ""Leader"", 11]]}"
B20,automotive,2,default,4.56,1,1,1.000,0,"","{""contract_name"": ""Car_Seat_Cover_Factory"", ""version"": ""Solidity ^0.4.22"", ""roles"": [""Leader"", ""Designer"", ""Supplier"", ""Cutter"", ""Sewer"", ""Inspector"", ""Packer"", ""Seller""], ""node_matrix"": [[1, ""Leader"", 1], [2, ""Designer"", 2], [3, ""Leader"", 2], [4, ""Supplier"", 4], [5, ""Cutter"", 5], [6, ""Sewer"", 6], [7, ""Inspector"", 5], [8, ""Packer"", 8], [9, ""Seller"", 8], [10, ""Seller"", 10], [11, ""Leader"", 11]]}"
B20,automotive,3,default,4.58,1,1,1.000,0,"","{""contract_name"": ""Custom_Car_Seat_Cover_Factory"", ""version"": ""Solidity ^0.4.22"", ""roles"": [""Leader"", ""Designer"", ""Supplier"", ""Cutter"", ""Sewer"", ""Inspector"", ""Packer"", ""Seller""], ""node_matrix"": [[1, ""Leader"", 1], [2, ""Designer"", 2], [3, ""Leader"", 2], [4, ""Supplier"", 4], [5, ""Cutter"", 5], [6, ""Sewer"", 6], [7, ""Inspector"", 5], [8, ""Packer"", 8], [9, ""Seller"", 8], [10, ""Seller"", 10], [11, ""Leader"", 11]]}"